pdb,hairpin
1g59, 1g59_0_8 1g59_1_7 1g59_2_7
1yqk,
1e7k,
1mhd,
2ydh, 2ydh_0_5 2ydh_1_4 2ydh_2_4 2ydh_3_5 2ydh_4_4 2ydh_5_4
4boc,
1mhk,
1zfc,
1mht,
5js1,
5js2,
2va3,
2va2,
2atw,
2hhs,
2hhq,
2hhv,
2hhw,
2hht,
2hhu,
2bbv,
2hhx,
4iwr,
1j8l,
2ata,
1j8g,
2atl,
3ud4, 3ud4_0_4 3ud4_1_10
4yvk, 4yvk_0_7 4yvk_1_7 4yvk_2_7
4yvj, 4yvj_0_7 4yvj_1_7 4yvj_2_7
2val,
1tw8,
2qwy, 2qwy_0_17 2qwy_1_15
3go8,
3go3,
3pv8,
1rep,
2p7f,
2p7e,
2p7d,
2w8l,
4ew0,
3gox,
3got, 3got_0_7 3got_1_6 3got_2_7
3ngz,
3goo,
3gom,
3gog, 3gog_0_7 3gog_1_6 3gog_2_7
3gdd,
1b8i,
3b31, 3b31_0_8
2r5z,
2r5y,
5f26,
3b39,
1ilc,
2c2e,
2c2d,
1y6t,
4z59,
1y6s,
2c2r,
5d49,
1y6f,
1y6g,
5d46,
3bm0,
1r8d,
1zf2,
1zf0,
5cr2,
3kyl, 3kyl_0_4
5cr0,
4dqi,
268d,
5d4b,
3qrp,
1v15,
5d4d,
1il2, 1il2_0_10 1il2_1_7 1il2_2_7
2c22,
5i9g,
5i9f,
3qrn,
5d4s,
1ljx,
2c28,
3qrf,
4dqr,
4dqq,
351d,
3s57,
117d,
4kq0,
4k9b,
4f43, 4f43_0_2
4f41, 4f41_0_2
2d95,
2d94,
3s5a,
4e10,
4f4k,
1jpq,
4k96,
4k97,
4k98,
4k99,
5ef6,
4c9d, 4c9d_0_3 4c9d_1_3
4tqr,
5ef2,
5ef3,
3iag,
4f4x,
4f4y,
3iab, 3iab_0_4
4f4w,
3pvv,
1xvk,
4m3i,
4p2h,
1xvn,
4m3t,
4m3u,
4m3v,
1xvr,
4m3r,
4m3x,
4m3y,
4m3z,
4pe8,
4evv,
2z75, 2z75_0_7 2z75_1_4
2z74, 2z74_0_7 2z74_1_4
2z70,
2oq4,
1zpi,
1zph,
4pei,
4peh,
4m30, 4m30_0_4 4m30_1_4
4p20,
4uuv,
3pu4,
4uus,
1nop,
1k61,
3tar,
3tap,
3taq,
3taf,
3tag,
3tae,
3tab,
3tan,
7mht,
4mf8,
4mf2,
1ynw,
3sm4,
1pfe,
1qrv,
2plb,
1qri,
4gxk,
4gxj,
4gxi,
4mfc,
472d,
4mfa,
4mff,
3klh,
4wx9,
3klv,
4nlk,
4nln,
4nlf, 4nlf_0_4
4nlg,
4nlz,
1aay,
3ez5,
274d,
3jps,
2xm3, 2xm3_0_4 2xm3_1_4
2x6v,
1ng9,
1em0,
3opi,
5kub,
3gx3, 3gx3_0_5 3gx3_1_4 3gx3_2_4
1ngt,
1emh,
1emj,
4b5m,
4qju,
1fw6,
4b5g,
3dd2, 3dd2_0_4
2xma, 2xma_0_4 2xma_1_4 2xma_2_4 2xma_3_4
4pzi,
1ngm,
4b5r, 4b5r_0_5 4b5r_1_4 4b5r_2_4 4b5r_3_5 4b5r_4_4 4b5r_5_4
3mzh,
5cm3,
1urn,
4r55,
4r56,
1s9f,
1s9b,
3ltu,
3ltr,
4r5p,
2f8w,
2f8s,
1dqh,
2f8n,
4o0i,
2f8k, 2f8k_0_2
1dqf,
4xzf,
154d,
4xzq,
1s97,
1sdr,
1sds,
1mnv,
1mnm,
1mnn,
1tqe,
2g5k,
1jk1,
1jk2,
2avh,
2avj,
4iuf,
3goj,
1jko,
1g75,
1jkp,
1jkq,
1jkr,
5f0q,
5f0s,
251d,
3b5a,
4u3p,
3b5f,
4u3l,
4u3o,
2npy,
2p5g,
3o8r,
3b5s,
4x2b,
2p5l,
2p5o,
368d,
2r7t,
2r7w,
2r7v,
4u38,
5fmp,
2r7r,
4u34,
4u35,
1h0m,
4u37,
2r7y,
2r7x,
3b58,
3gm7,
3g8u,
3g8x,
2np7,
2w89,
5tct,
4ds5,
4ds4,
3far,
2pn3,
2pn4,
1ijw,
353d,
3fa1,
4dse,
4dsf,
4xo0,
4dsl,
4z8f,
4dsk,
4dsj,
4ts0,
4ts2,
115d,
2zcj,
5edw,
2ie1,
1t9i,
1t9j,
3s3o,
3s3n,
3s3m,
4f2r,
4f2s,
4f2x,
4f2y,
2ief,
5ed1,
1bf5,
1bf4,
3ice,
4f2j,
3ugm,
3ugo,
2uxc, 2uxc_0_9 2uxc_1_5 2uxc_2_4 2uxc_3_4 2uxc_4_3 2uxc_5_7 2uxc_6_4 2uxc_7_12 2uxc_8_4 2uxc_9_4 2uxc_10_4 2uxc_11_5 2uxc_12_16 2uxc_13_4 2uxc_14_5 2uxc_15_8 2uxc_16_4 2uxc_17_9 2uxc_18_3 2uxc_19_4 2uxc_20_4 2uxc_21_8 2uxc_22_4 2uxc_23_4 2uxc_24_4 2uxc_25_6 2uxc_26_5 2uxc_27_4 2uxc_28_4 2uxc_29_8 2uxc_30_10 2uxc_31_4 2uxc_32_4
3ugp,
3hk2,
3ko2,
2pub,
429d,
4qc7,
2pug,
2puf,
1r3z,
1r3e, 1r3e_0_7
1r3g,
4pgy,
1zvv,
1r3o,
4pgq,
2owo,
3skz, 3skz_0_7 3skz_1_6 3skz_2_4
218d,
460d,
3skw, 3skw_0_7 3skw_1_6 3skw_2_4
1a2e,
3ski, 3ski_0_7 3ski_1_6 3ski_2_4 3ski_3_7 3ski_4_6 3ski_5_4
4gz1,
4gz0,
3skl, 3skl_0_7 3skl_1_6 3skl_2_4
1yls, 1yls_0_4
4mde,
4mdf,
4gzn,
4mdx,
474d,
3kjp,
3k18,
272d,
5h1l,
3kjo,
2h1o,
4wzw,
4wzq,
2zy6, 2zy6_0_11
1aoi,
3k1v,
4ht4, 4ht4_0_3
3koa,
4wzm,
3n4n,
3n4m,
4yoe,
4yov,
4yow,
4yoq,
4yox,
4yoy,
5cg9,
5cg8,
2xc9,
4jv0,
2xc6,
4jv2,
3ovs, 3ovs_0_7 3ovs_1_7
4xno,
3kov,
3ova, 3ova_0_7 3ova_1_7
3ovb, 3ovb_0_7 3ovb_1_7
1fuf,
2e1c,
1r41,
1zns,
4jvy,
2xsd,
2xcs,
2xcp,
1esg,
7icr,
2ply, 2ply_0_2
2xca,
1v14,
419d,
5bol,
5bom,
2rve,
3lrn,
3ahu,
5box,
1dsz,
2cv5,
2cv2, 2cv2_0_8 2cv2_1_7 2cv2_2_7
2cv1, 2cv1_0_8 2cv1_1_7 2cv1_2_7
2cv0, 2cv0_0_8 2cv0_1_7 2cv0_2_7
5kt3,
4fk2,
2kfn,
1sfu,
4dqs,
5i9h,
4o26, 4o26_0_3
302d,
4yr3,
4yr2,
4yr0,
1tsr,
2ve9,
1g1x, 1g1x_0_4 1g1x_1_4
4fvu,
4rc0,
5gki,
4yrv,
1jid, 1jid_0_4
5gke,
5gkg,
5gkf,
4is1,
5gkp,
2qsh,
3jr4,
253d,
5f6c,
2oj3, 2oj3_0_8 2oj3_1_15 2oj3_2_10
1rio,
3gcy,
2oj0,
4eot,
2r1s,
1h2d,
2wiw,
1h2c,
2r1j,
1mlx,
3gv8,
3i0w,
3r7p,
4hdu,
3i0x,
2xs5,
4du3,
4lez,
4du1,
1cbv,
2pl8,
4du4,
2pl4,
1ihf,
1iha,
3auo, 3auo_0_4 3auo_1_4
1ihh,
1y26, 1y26_0_9 1y26_1_6 1y26_2_7
1y27, 1y27_0_7 1y27_1_6 1y27_2_7
1ih6,
1ih4,
1ih2,
1ih3,
4b5f,
1ih1,
5d8t,
3fc3,
2plo,
5d8l,
5d8k,
5d8h, 5d8h_0_9 5d8h_1_6
5d8f,
1krp,
5d8c,
1bdi,
1bdh,
1bdn,
4tu0,
4nw3,
1bdt,
1hzs,
1bdv,
4tu9,
4tu8,
5t83, 5t83_0_7 5t83_1_7
3s14,
113d,
2y8y, 2y8y_0_4
1jt0,
3ie1,
3osp,
2y8w, 2y8w_0_4
4xyq,
4wal,
4wan,
4tus,
4tur,
4tuq,
4tup,
4tuw, 4tuw_0_4
5t8y,
3qei,
4c5x,
2a8v,
3uyb,
3cgs,
3iev,
3cgq,
3cgp,
1jtl,
3iem,
3g00,
3wvp,
3ger, 3ger_0_7 3ger_1_6 3ger_2_7
4m7a,
4m7d,
2uzk,
2geq,
5kg1,
3pih,
1vkx,
2uz4,
1ztg,
2ge5,
2z3x,
1ztt,
1ztw,
288d,
2oue,
1yj9, 1yj9_0_8 1yj9_1_21 1yj9_2_7 1yj9_3_3 1yj9_4_5 1yj9_5_6 1yj9_6_5 1yj9_7_5 1yj9_8_4 1yj9_9_6 1yj9_10_3 1yj9_11_7 1yj9_12_8 1yj9_13_7 1yj9_14_4 1yj9_15_5 1yj9_16_4 1yj9_17_8 1yj9_18_5 1yj9_19_4 1yj9_20_4 1yj9_21_4 1yj9_22_8 1yj9_23_5 1yj9_24_4 1yj9_25_5 1yj9_26_6 1yj9_27_9 1yj9_28_6 1yj9_29_7 1yj9_30_4 1yj9_31_7 1yj9_32_5 1yj9_33_5 1yj9_34_8 1yj9_35_5 1yj9_36_4 1yj9_37_3 1yj9_38_6 1yj9_39_7 1yj9_40_4 1yj9_41_5 1yj9_42_3 1yj9_43_9 1yj9_44_4 1yj9_45_6 1yj9_46_7 1yj9_47_13 1yj9_48_8 1yj9_49_4 1yj9_50_7 1yj9_51_20 1yj9_52_11 1yj9_53_6 1yj9_54_9 1yj9_55_4 1yj9_56_7 1yj9_57_7 1yj9_58_6 1yj9_59_5 1yj9_60_4 1yj9_61_4 1yj9_62_4 1yj9_63_13 1yj9_64_7 1yj9_65_4 1yj9_66_5 1yj9_67_4
4tqs,
1d5y,
5ef1,
3l8b,
3iay,
4mj9,
3tmm,
4f4z,
4oss,
1d54,
1d56,
1d57,
1a02,
476d,
1d53,
1d58,
1d59,
1yjw, 1yjw_0_8 1yjw_1_21 1yjw_2_7 1yjw_3_3 1yjw_4_5 1yjw_5_6 1yjw_6_5 1yjw_7_5 1yjw_8_4 1yjw_9_6 1yjw_10_3 1yjw_11_7 1yjw_12_8 1yjw_13_7 1yjw_14_4 1yjw_15_5 1yjw_16_4 1yjw_17_8 1yjw_18_5 1yjw_19_4 1yjw_20_4 1yjw_21_4 1yjw_22_8 1yjw_23_5 1yjw_24_4 1yjw_25_5 1yjw_26_6 1yjw_27_9 1yjw_28_6 1yjw_29_7 1yjw_30_4 1yjw_31_7 1yjw_32_5 1yjw_33_5 1yjw_34_8 1yjw_35_5 1yjw_36_4 1yjw_37_3 1yjw_38_6 1yjw_39_7 1yjw_40_4 1yjw_41_5 1yjw_42_3 1yjw_43_9 1yjw_44_4 1yjw_45_6 1yjw_46_7 1yjw_47_13 1yjw_48_8 1yjw_49_4 1yjw_50_7 1yjw_51_20 1yjw_52_11 1yjw_53_6 1yjw_54_9 1yjw_55_4 1yjw_56_7 1yjw_57_7 1yjw_58_6 1yjw_59_5 1yjw_60_4 1yjw_61_4 1yjw_62_4 1yjw_63_13 1yjw_64_7 1yjw_65_4 1yjw_66_5 1yjw_67_4
1yjn, 1yjn_0_8 1yjn_1_21 1yjn_2_7 1yjn_3_3 1yjn_4_5 1yjn_5_6 1yjn_6_5 1yjn_7_5 1yjn_8_4 1yjn_9_6 1yjn_10_3 1yjn_11_7 1yjn_12_8 1yjn_13_7 1yjn_14_4 1yjn_15_5 1yjn_16_4 1yjn_17_8 1yjn_18_5 1yjn_19_4 1yjn_20_4 1yjn_21_4 1yjn_22_8 1yjn_23_5 1yjn_24_4 1yjn_25_5 1yjn_26_6 1yjn_27_9 1yjn_28_6 1yjn_29_7 1yjn_30_4 1yjn_31_7 1yjn_32_5 1yjn_33_5 1yjn_34_8 1yjn_35_5 1yjn_36_4 1yjn_37_3 1yjn_38_6 1yjn_39_7 1yjn_40_4 1yjn_41_5 1yjn_42_3 1yjn_43_9 1yjn_44_4 1yjn_45_6 1yjn_46_7 1yjn_47_13 1yjn_48_8 1yjn_49_4 1yjn_50_7 1yjn_51_20 1yjn_52_11 1yjn_53_6 1yjn_54_9 1yjn_55_4 1yjn_56_7 1yjn_57_7 1yjn_58_6 1yjn_59_5 1yjn_60_4 1yjn_61_4 1yjn_62_4 1yjn_63_13 1yjn_64_7 1yjn_65_4 1yjn_66_5 1yjn_67_4
4nh6,
4nh5,
3khr,
4nh3,
3t86,
4qno,
3khl,
3khh,
270d,
3khc,
1wto,
1wte,
1wtx,
3si6,
3si8,
1wtv,
1wtw,
1wtp,
1wtq,
1wtr,
3t8p,
4nhj,
4ymc,
4ymn,
4ymo,
4ymm,
4m3w,
3siu, 3siu_0_5
5ca7,
5c45, 5c45_0_7 5c45_1_6 5c45_2_7 5c45_3_6
172d,
1eqz,
3mvb,
3mva,
3mvd,
1uvi,
1uvj,
1uvk,
1uvl,
1uvm,
1uvn,
5h3u,
2ypf,
1p25,
1p26,
1p20,
3ajk,
3q0p,
3q0q,
3ajl,
3q0s,
4ztf,
3q0m,
3q0n,
3q0o,
3ot0,
3q0d,
3q0f,
4rd5,
4ztj,
3q0a, 3q0a_0_3
3q0b,
3lpv,
300d, 300d_0_4
2efw,
4xvk,
4rdm,
4zt0, 4zt0_0_4 4zt0_1_2 4zt0_2_4
3q05,
4o41,
4rdx, 4rdx_0_9 4rdx_1_7 4rdx_2_9 4rdx_3_7
2pqu,
4rdu,
158d,
391d,
1vs2,
4yp3,
4aa6,
1g3x,
2v3c, 2v3c_0_4 2v3c_1_4
4iqx,
4iqv,
4iqw,
1jo2,
4iqr,
2ct8, 2ct8_0_9 2ct8_1_7 2ct8_2_7
4kgc,
4aaf,
4aag,
4aae,
4aab,
4ypr,
5gmg,
5gmf,
1g38,
1m90, 1m90_0_8 1m90_1_21 1m90_2_7 1m90_3_3 1m90_4_5 1m90_5_6 1m90_6_5 1m90_7_5 1m90_8_4 1m90_9_6 1m90_10_3 1m90_11_7 1m90_12_8 1m90_13_7 1m90_14_4 1m90_15_5 1m90_16_4 1m90_17_8 1m90_18_5 1m90_19_4 1m90_20_4 1m90_21_4 1m90_22_8 1m90_23_5 1m90_24_4 1m90_25_5 1m90_26_6 1m90_27_9 1m90_28_6 1m90_29_7 1m90_30_4 1m90_31_7 1m90_32_5 1m90_33_5 1m90_34_8 1m90_35_5 1m90_36_4 1m90_37_3 1m90_38_6 1m90_39_7 1m90_40_4 1m90_41_5 1m90_42_3 1m90_43_9 1m90_44_4 1m90_45_6 1m90_46_7 1m90_47_13 1m90_48_8 1m90_49_4 1m90_50_7 1m90_51_20 1m90_52_11 1m90_53_6 1m90_54_9 1m90_55_4 1m90_56_7 1m90_57_7 1m90_58_6 1m90_59_5 1m90_60_4 1m90_61_4 1m90_62_4 1m90_63_13 1m90_64_7 1m90_65_4 1m90_66_5 1m90_67_4
4u7c,
1xam,
364d,
4u7u, 4u7u_0_4 4u7u_1_4
4ba2,
2ntc,
255d,
3gao, 3gao_0_7 3gao_1_6 3gao_2_7
5a3d,
1xa2,
4u78,
3ga6,
5a39,
3b91,
1h4s, 1h4s_0_9 1h4s_1_5 1h4s_2_7
1h4q, 1h4q_0_9 1h4q_1_5 1h4q_2_7
4fel, 4fel_0_7 4fel_1_6 4fel_2_7
4feo, 4feo_0_7 4feo_1_6 4feo_2_7
4fen, 4fen_0_7 4fen_1_6 4fen_2_7
2dvi, 2dvi_0_7
5tgx,
4fej, 4fej_0_7 4fej_1_6 4fej_2_7
3i2r,
3i2s,
3i2q,
3r9x, 3r9x_0_3
4lgt, 4lgt_0_4
3i2u,
3rb4,
3rb6,
3rb3,
2fd8,
2fd0, 2fd0_0_9 2fd0_1_9
445d,
1cdw,
3rbe,
3rbd,
4fe5, 4fe5_0_7 4fe5_1_6 4fe5_2_7
4lg0,
4lg2,
4lg7,
4dwy,
4dwp,
1if1,
6bna,
2fdh,
2fdi,
2fdk,
3upq,
441d,
2fdf,
2fdg,
3ce5,
1av6,
3kuy,
462d,
2ia6,
3igc,
4wcg,
2bpa,
3igk,
3igm,
3igl,
4wcp,
4wcq,
3igt,
5j0o,
4c7o, 4c7o_0_4
3ho1,
3ucu, 3ucu_0_4 3ucu_1_10
1r71,
3ucz, 3ucz_0_4 3ucz_1_10
4j2x,
3pov,
4j2d,
4j2e,
4j2a,
4j2b,
5dba,
4j2i,
5dbc,
5dbb,
1zjw, 1zjw_0_9 1zjw_1_7 1zjw_2_7
4h8k,
5db9,
5db8,
5db7,
5db6,
3po4,
3po5,
4m59,
1zjg,
1zjf,
1zje,
4pcb, 4pcb_0_2
1r7m,
3bam,
1zjm,
4pcj, 4pcj_0_4
4pco,
144d,
111d,
5j0u,
5j0w,
1d7z,
2jeg,
2jef,
2jea,
2jej,
2jei,
5lrs,
1yhq, 1yhq_0_8 1yhq_1_21 1yhq_2_7 1yhq_3_3 1yhq_4_5 1yhq_5_6 1yhq_6_5 1yhq_7_5 1yhq_8_4 1yhq_9_6 1yhq_10_3 1yhq_11_7 1yhq_12_8 1yhq_13_7 1yhq_14_4 1yhq_15_5 1yhq_16_4 1yhq_17_8 1yhq_18_5 1yhq_19_4 1yhq_20_4 1yhq_21_4 1yhq_22_8 1yhq_23_5 1yhq_24_4 1yhq_25_5 1yhq_26_6 1yhq_27_9 1yhq_28_6 1yhq_29_7 1yhq_30_4 1yhq_31_7 1yhq_32_5 1yhq_33_5 1yhq_34_8 1yhq_35_5 1yhq_36_4 1yhq_37_3 1yhq_38_6 1yhq_39_7 1yhq_40_4 1yhq_41_5 1yhq_42_3 1yhq_43_9 1yhq_44_4 1yhq_45_6 1yhq_46_7 1yhq_47_13 1yhq_48_8 1yhq_49_4 1yhq_50_7 1yhq_51_20 1yhq_52_11 1yhq_53_6 1yhq_54_9 1yhq_55_4 1yhq_56_7 1yhq_57_7 1yhq_58_6 1yhq_59_5 1yhq_60_4 1yhq_61_4 1yhq_62_4 1yhq_63_13 1yhq_64_7 1yhq_65_4 1yhq_66_5 1yhq_67_4
4mht,
1d76,
1d77,
1d75,
1d78,
478d,
4mhg,
4e0p,
4doa,
2euz,
1oe6,
1oe5,
1oe4,
1fg0, 1fg0_0_8 1fg0_1_4 1fg0_2_7 1fg0_3_20 1fg0_4_11 1fg0_5_6 1fg0_6_9 1fg0_7_4 1fg0_8_7 1fg0_9_7 1fg0_10_6 1fg0_11_5 1fg0_12_4
1bnk,
2tra, 2tra_0_10 2tra_1_7 2tra_2_7
276d,
5j3e,
1wvl,
1wvd,
3ne6,
4dob,
1gu5,
1gu4,
1akh,
3zql,
4ykl,
3zqc,
5j37,
5hf7,
1wv6,
1wv5,
2nl8,
5ccb, 5ccb_0_8 5ccb_1_3 5ccb_2_7 5ccb_3_8 5ccb_4_3 5ccb_5_7
1nab,
2xgj,
3oyg,
4hp1,
2xgq,
4hp3,
5ccw,
5ccx, 5ccx_0_8 5ccx_1_3 5ccx_2_7 5ccx_3_8 5ccx_4_3 5ccx_5_7
4jzv,
1ewq,
3oyb,
1ewn,
4qlm, 4qlm_0_4 4qlm_1_8 4qlm_2_34
4qln, 4qln_0_4 4qln_1_8 4qln_2_34 4qln_3_4 4qln_4_8 4qln_5_34
5cc1,
5cc0,
3gz6,
2pjp, 2pjp_0_2
345d,
3q2y,
1p47,
3lnq,
4o6a,
1sj3, 1sj3_0_8 1sj3_1_15 1sj3_2_10
1sj4, 1sj4_0_8 1sj4_1_15 1sj4_2_10
2pjr,
2e52,
5ay8,
5iij,
3oz4,
3oz5,
4dl2,
4dl3,
4dl4,
4dl5,
5ay3,
5ay2,
306d,
4rzr,
3q22, 3q22_0_3
1p4z,
1p4y,
4dle,
3q24, 3q24_0_3
4dlg,
4rzd, 4rzd_0_15 4rzd_1_8
4xpc,
4xpe,
1p4e,
3dnv,
4rzn,
1sjf, 1sjf_0_8 1sjf_1_15 1sjf_2_10
1kix,
393d,
3vxx,
3nx5,
4q4z,
1vq6, 1vq6_0_8 1vq6_1_21 1vq6_2_7 1vq6_3_3 1vq6_4_5 1vq6_5_6 1vq6_6_5 1vq6_7_5 1vq6_8_4 1vq6_9_6 1vq6_10_3 1vq6_11_7 1vq6_12_8 1vq6_13_7 1vq6_14_4 1vq6_15_5 1vq6_16_4 1vq6_17_8 1vq6_18_5 1vq6_19_4 1vq6_20_4 1vq6_21_4 1vq6_22_8 1vq6_23_5 1vq6_24_4 1vq6_25_5 1vq6_26_6 1vq6_27_9 1vq6_28_6 1vq6_29_7 1vq6_30_4 1vq6_31_7 1vq6_32_5 1vq6_33_5 1vq6_34_8 1vq6_35_5 1vq6_36_4 1vq6_37_3 1vq6_38_6 1vq6_39_7 1vq6_40_4 1vq6_41_5 1vq6_42_3 1vq6_43_9 1vq6_44_4 1vq6_45_6 1vq6_46_7 1vq6_47_13 1vq6_48_8 1vq6_49_4 1vq6_50_7 1vq6_51_20 1vq6_52_11 1vq6_53_6 1vq6_54_9 1vq6_55_4 1vq6_56_7 1vq6_57_7 1vq6_58_6 1vq6_59_5 1vq6_60_4 1vq6_61_4 1vq6_62_4 1vq6_63_13 1vq6_64_7 1vq6_65_4 1vq6_66_5 1vq6_67_4
1vq7, 1vq7_0_8 1vq7_1_21 1vq7_2_7 1vq7_3_3 1vq7_4_5 1vq7_5_6 1vq7_6_5 1vq7_7_5 1vq7_8_4 1vq7_9_6 1vq7_10_3 1vq7_11_7 1vq7_12_8 1vq7_13_7 1vq7_14_4 1vq7_15_5 1vq7_16_4 1vq7_17_8 1vq7_18_5 1vq7_19_4 1vq7_20_4 1vq7_21_4 1vq7_22_8 1vq7_23_5 1vq7_24_4 1vq7_25_5 1vq7_26_6 1vq7_27_9 1vq7_28_6 1vq7_29_7 1vq7_30_4 1vq7_31_7 1vq7_32_5 1vq7_33_5 1vq7_34_8 1vq7_35_5 1vq7_36_4 1vq7_37_3 1vq7_38_6 1vq7_39_7 1vq7_40_4 1vq7_41_5 1vq7_42_3 1vq7_43_9 1vq7_44_4 1vq7_45_6 1vq7_46_7 1vq7_47_13 1vq7_48_8 1vq7_49_4 1vq7_50_7 1vq7_51_20 1vq7_52_11 1vq7_53_6 1vq7_54_9 1vq7_55_4 1vq7_56_7 1vq7_57_7 1vq7_58_6 1vq7_59_5 1vq7_60_4 1vq7_61_4 1vq7_62_4 1vq7_63_13 1vq7_64_7 1vq7_65_4 1vq7_66_5 1vq7_67_4
1vq4, 1vq4_0_8 1vq4_1_21 1vq4_2_7 1vq4_3_3 1vq4_4_5 1vq4_5_6 1vq4_6_5 1vq4_7_5 1vq4_8_4 1vq4_9_6 1vq4_10_3 1vq4_11_7 1vq4_12_8 1vq4_13_7 1vq4_14_4 1vq4_15_5 1vq4_16_4 1vq4_17_8 1vq4_18_5 1vq4_19_4 1vq4_20_4 1vq4_21_4 1vq4_22_8 1vq4_23_5 1vq4_24_4 1vq4_25_5 1vq4_26_6 1vq4_27_9 1vq4_28_6 1vq4_29_7 1vq4_30_4 1vq4_31_7 1vq4_32_5 1vq4_33_5 1vq4_34_8 1vq4_35_5 1vq4_36_4 1vq4_37_3 1vq4_38_6 1vq4_39_7 1vq4_40_4 1vq4_41_5 1vq4_42_3 1vq4_43_9 1vq4_44_4 1vq4_45_6 1vq4_46_7 1vq4_47_13 1vq4_48_8 1vq4_49_4 1vq4_50_7 1vq4_51_20 1vq4_52_11 1vq4_53_6 1vq4_54_9 1vq4_55_4 1vq4_56_7 1vq4_57_7 1vq4_58_6 1vq4_59_5 1vq4_60_4 1vq4_61_4 1vq4_62_4 1vq4_63_13 1vq4_64_7 1vq4_65_4 1vq4_66_5 1vq4_67_4
4cyc,
3vxv,
2xzu,
130d,
2nlm,
4q45,
4q44,
4aob, 4aob_0_5 4aob_1_4 4aob_2_4 4aob_3_5 4aob_4_4 4aob_5_4
1vqn, 1vqn_0_8 1vqn_1_21 1vqn_2_7 1vqn_3_3 1vqn_4_5 1vqn_5_6 1vqn_6_5 1vqn_7_5 1vqn_8_4 1vqn_9_6 1vqn_10_3 1vqn_11_7 1vqn_12_8 1vqn_13_7 1vqn_14_4 1vqn_15_5 1vqn_16_4 1vqn_17_8 1vqn_18_5 1vqn_19_4 1vqn_20_4 1vqn_21_4 1vqn_22_8 1vqn_23_5 1vqn_24_4 1vqn_25_5 1vqn_26_6 1vqn_27_9 1vqn_28_6 1vqn_29_7 1vqn_30_4 1vqn_31_7 1vqn_32_5 1vqn_33_5 1vqn_34_8 1vqn_35_5 1vqn_36_4 1vqn_37_3 1vqn_38_6 1vqn_39_7 1vqn_40_4 1vqn_41_5 1vqn_42_3 1vqn_43_9 1vqn_44_4 1vqn_45_6 1vqn_46_7 1vqn_47_13 1vqn_48_8 1vqn_49_4 1vqn_50_7 1vqn_51_20 1vqn_52_11 1vqn_53_6 1vqn_54_9 1vqn_55_4 1vqn_56_7 1vqn_57_7 1vqn_58_6 1vqn_59_5 1vqn_60_4 1vqn_61_4 1vqn_62_4 1vqn_63_13 1vqn_64_7 1vqn_65_4 1vqn_66_5 1vqn_67_4
1vqo, 1vqo_0_8 1vqo_1_21 1vqo_2_7 1vqo_3_3 1vqo_4_5 1vqo_5_6 1vqo_6_5 1vqo_7_5 1vqo_8_4 1vqo_9_6 1vqo_10_3 1vqo_11_7 1vqo_12_8 1vqo_13_7 1vqo_14_4 1vqo_15_5 1vqo_16_4 1vqo_17_8 1vqo_18_5 1vqo_19_4 1vqo_20_4 1vqo_21_4 1vqo_22_8 1vqo_23_5 1vqo_24_4 1vqo_25_5 1vqo_26_6 1vqo_27_9 1vqo_28_6 1vqo_29_7 1vqo_30_4 1vqo_31_7 1vqo_32_5 1vqo_33_5 1vqo_34_8 1vqo_35_5 1vqo_36_4 1vqo_37_3 1vqo_38_6 1vqo_39_7 1vqo_40_4 1vqo_41_5 1vqo_42_3 1vqo_43_9 1vqo_44_4 1vqo_45_6 1vqo_46_7 1vqo_47_13 1vqo_48_8 1vqo_49_4 1vqo_50_7 1vqo_51_20 1vqo_52_11 1vqo_53_6 1vqo_54_9 1vqo_55_4 1vqo_56_7 1vqo_57_7 1vqo_58_6 1vqo_59_5 1vqo_60_4 1vqo_61_4 1vqo_62_4 1vqo_63_13 1vqo_64_7 1vqo_65_4 1vqo_66_5 1vqo_67_4
1vql, 1vql_0_8 1vql_1_21 1vql_2_7 1vql_3_3 1vql_4_5 1vql_5_6 1vql_6_5 1vql_7_5 1vql_8_4 1vql_9_6 1vql_10_3 1vql_11_7 1vql_12_8 1vql_13_7 1vql_14_4 1vql_15_5 1vql_16_4 1vql_17_8 1vql_18_5 1vql_19_4 1vql_20_4 1vql_21_4 1vql_22_8 1vql_23_5 1vql_24_4 1vql_25_5 1vql_26_6 1vql_27_9 1vql_28_6 1vql_29_7 1vql_30_4 1vql_31_7 1vql_32_5 1vql_33_5 1vql_34_8 1vql_35_5 1vql_36_4 1vql_37_3 1vql_38_6 1vql_39_7 1vql_40_4 1vql_41_5 1vql_42_3 1vql_43_9 1vql_44_4 1vql_45_6 1vql_46_7 1vql_47_13 1vql_48_8 1vql_49_4 1vql_50_7 1vql_51_20 1vql_52_11 1vql_53_6 1vql_54_9 1vql_55_4 1vql_56_7 1vql_57_7 1vql_58_6 1vql_59_5 1vql_60_4 1vql_61_4 1vql_62_4 1vql_63_13 1vql_64_7 1vql_65_4 1vql_66_5 1vql_67_4
1vqm, 1vqm_0_8 1vqm_1_21 1vqm_2_7 1vqm_3_3 1vqm_4_5 1vqm_5_6 1vqm_6_5 1vqm_7_5 1vqm_8_4 1vqm_9_6 1vqm_10_3 1vqm_11_7 1vqm_12_8 1vqm_13_7 1vqm_14_4 1vqm_15_5 1vqm_16_4 1vqm_17_8 1vqm_18_5 1vqm_19_4 1vqm_20_4 1vqm_21_4 1vqm_22_8 1vqm_23_5 1vqm_24_4 1vqm_25_5 1vqm_26_6 1vqm_27_9 1vqm_28_6 1vqm_29_7 1vqm_30_4 1vqm_31_7 1vqm_32_5 1vqm_33_5 1vqm_34_8 1vqm_35_5 1vqm_36_4 1vqm_37_3 1vqm_38_6 1vqm_39_7 1vqm_40_4 1vqm_41_5 1vqm_42_3 1vqm_43_9 1vqm_44_4 1vqm_45_6 1vqm_46_7 1vqm_47_13 1vqm_48_8 1vqm_49_4 1vqm_50_7 1vqm_51_20 1vqm_52_11 1vqm_53_6 1vqm_54_9 1vqm_55_4 1vqm_56_7 1vqm_57_7 1vqm_58_6 1vqm_59_5 1vqm_60_4 1vqm_61_4 1vqm_62_4 1vqm_63_13 1vqm_64_7 1vqm_65_4 1vqm_66_5 1vqm_67_4
1jmc,
2vih, 2vih_0_5 2vih_1_5
2crx,
2vic, 2vic_0_5 2vic_1_5
4u5m,
366d,
3hr3,
1xcu,
28dn,
4ecx,
4ecy,
4ecz,
4ect,
4ecu,
4ecv,
4ecw,
4ecq,
4ecr,
4ecs,
5iil,
3ggk,
3ggi,
2xzl,
1xc8,
1xc9,
1rm1,
2xzo,
4kyw,
4kyy,
3g2r,
404d,
1h6f,
3g2d,
3g2a,
3g2c,
4x18,
1qum,
4ms5,
2dtu,
4ms9,
1idw,
386d,
443d,
4msb,
3kmp,
3w2a,
1qu3, 1qu3_0_9 1qu3_1_7 1qu3_2_7
1qu2, 1qu2_0_9 1qu2_1_7 1qu2_2_7
3i49,
4msr,
359d, 359d_0_4
3qjj,
3qjl,
1id9,
3f73,
3cc2, 3cc2_0_8 3cc2_1_21 3cc2_2_7 3cc2_3_3 3cc2_4_5 3cc2_5_6 3cc2_6_5 3cc2_7_5 3cc2_8_4 3cc2_9_6 3cc2_10_3 3cc2_11_7 3cc2_12_8 3cc2_13_7 3cc2_14_4 3cc2_15_5 3cc2_16_4 3cc2_17_8 3cc2_18_5 3cc2_19_4 3cc2_20_4 3cc2_21_4 3cc2_22_8 3cc2_23_5 3cc2_24_4 3cc2_25_5 3cc2_26_6 3cc2_27_9 3cc2_28_6 3cc2_29_7 3cc2_30_4 3cc2_31_7 3cc2_32_5 3cc2_33_5 3cc2_34_8 3cc2_35_5 3cc2_36_4 3cc2_37_3 3cc2_38_6 3cc2_39_7 3cc2_40_4 3cc2_41_5 3cc2_42_3 3cc2_43_9 3cc2_44_4 3cc2_45_6 3cc2_46_7 3cc2_47_13 3cc2_48_8 3cc2_49_4 3cc2_50_7 3cc2_51_20 3cc2_52_11 3cc2_53_6 3cc2_54_9 3cc2_55_4 3cc2_56_7 3cc2_57_7 3cc2_58_6 3cc2_59_5 3cc2_60_4 3cc2_61_4 3cc2_62_4 3cc2_63_13 3cc2_64_7 3cc2_65_4 3cc2_66_5 3cc2_67_4
3cc7, 3cc7_0_8 3cc7_1_21 3cc7_2_7 3cc7_3_3 3cc7_4_5 3cc7_5_6 3cc7_6_5 3cc7_7_5 3cc7_8_4 3cc7_9_6 3cc7_10_3 3cc7_11_7 3cc7_12_8 3cc7_13_7 3cc7_14_4 3cc7_15_5 3cc7_16_4 3cc7_17_8 3cc7_18_5 3cc7_19_4 3cc7_20_4 3cc7_21_4 3cc7_22_8 3cc7_23_5 3cc7_24_4 3cc7_25_5 3cc7_26_6 3cc7_27_9 3cc7_28_6 3cc7_29_7 3cc7_30_4 3cc7_31_7 3cc7_32_5 3cc7_33_5 3cc7_34_8 3cc7_35_5 3cc7_36_4 3cc7_37_3 3cc7_38_6 3cc7_39_7 3cc7_40_4 3cc7_41_5 3cc7_42_3 3cc7_43_9 3cc7_44_4 3cc7_45_6 3cc7_46_7 3cc7_47_13 3cc7_48_8 3cc7_49_4 3cc7_50_7 3cc7_51_20 3cc7_52_11 3cc7_53_6 3cc7_54_9 3cc7_55_4 3cc7_56_7 3cc7_57_7 3cc7_58_6 3cc7_59_5 3cc7_60_4 3cc7_61_4 3cc7_62_4 3cc7_63_13 3cc7_64_7 3cc7_65_4 3cc7_66_5 3cc7_67_4
3cc4, 3cc4_0_8 3cc4_1_21 3cc4_2_7 3cc4_3_3 3cc4_4_5 3cc4_5_6 3cc4_6_5 3cc4_7_5 3cc4_8_4 3cc4_9_6 3cc4_10_3 3cc4_11_7 3cc4_12_8 3cc4_13_7 3cc4_14_4 3cc4_15_5 3cc4_16_4 3cc4_17_8 3cc4_18_5 3cc4_19_4 3cc4_20_4 3cc4_21_4 3cc4_22_8 3cc4_23_5 3cc4_24_4 3cc4_25_5 3cc4_26_6 3cc4_27_9 3cc4_28_6 3cc4_29_7 3cc4_30_4 3cc4_31_7 3cc4_32_5 3cc4_33_5 3cc4_34_8 3cc4_35_5 3cc4_36_4 3cc4_37_3 3cc4_38_6 3cc4_39_7 3cc4_40_4 3cc4_41_5 3cc4_42_3 3cc4_43_9 3cc4_44_4 3cc4_45_6 3cc4_46_7 3cc4_47_13 3cc4_48_8 3cc4_49_4 3cc4_50_7 3cc4_51_20 3cc4_52_11 3cc4_53_6 3cc4_54_9 3cc4_55_4 3cc4_56_7 3cc4_57_7 3cc4_58_6 3cc4_59_5 3cc4_60_4 3cc4_61_4 3cc4_62_4 3cc4_63_13 3cc4_64_7 3cc4_65_4 3cc4_66_5 3cc4_67_4
1bhm,
168d,
3cce, 3cce_0_8 3cce_1_21 3cce_2_7 3cce_3_3 3cce_4_5 3cce_5_6 3cce_6_5 3cce_7_5 3cce_8_4 3cce_9_6 3cce_10_3 3cce_11_7 3cce_12_8 3cce_13_7 3cce_14_4 3cce_15_5 3cce_16_4 3cce_17_8 3cce_18_5 3cce_19_4 3cce_20_4 3cce_21_4 3cce_22_8 3cce_23_5 3cce_24_4 3cce_25_5 3cce_26_6 3cce_27_9 3cce_28_6 3cce_29_7 3cce_30_4 3cce_31_7 3cce_32_5 3cce_33_5 3cce_34_8 3cce_35_5 3cce_36_4 3cce_37_3 3cce_38_6 3cce_39_7 3cce_40_4 3cce_41_5 3cce_42_3 3cce_43_9 3cce_44_4 3cce_45_6 3cce_46_7 3cce_47_13 3cce_48_8 3cce_49_4 3cce_50_7 3cce_51_20 3cce_52_11 3cce_53_6 3cce_54_9 3cce_55_4 3cce_56_7 3cce_57_7 3cce_58_6 3cce_59_5 3cce_60_4 3cce_61_4 3cce_62_4 3cce_63_13 3cce_64_7 3cce_65_4 3cce_66_5 3cce_67_4
3ccj, 3ccj_0_8 3ccj_1_21 3ccj_2_7 3ccj_3_3 3ccj_4_5 3ccj_5_6 3ccj_6_5 3ccj_7_5 3ccj_8_4 3ccj_9_6 3ccj_10_3 3ccj_11_7 3ccj_12_8 3ccj_13_7 3ccj_14_4 3ccj_15_5 3ccj_16_4 3ccj_17_8 3ccj_18_5 3ccj_19_4 3ccj_20_4 3ccj_21_4 3ccj_22_8 3ccj_23_5 3ccj_24_4 3ccj_25_5 3ccj_26_6 3ccj_27_9 3ccj_28_10 3ccj_29_7 3ccj_30_4 3ccj_31_7 3ccj_32_5 3ccj_33_5 3ccj_34_8 3ccj_35_5 3ccj_36_4 3ccj_37_3 3ccj_38_6 3ccj_39_7 3ccj_40_4 3ccj_41_5 3ccj_42_3 3ccj_43_9 3ccj_44_4 3ccj_45_6 3ccj_46_7 3ccj_47_13 3ccj_48_8 3ccj_49_4 3ccj_50_7 3ccj_51_20 3ccj_52_11 3ccj_53_6 3ccj_54_9 3ccj_55_4 3ccj_56_7 3ccj_57_7 3ccj_58_6 3ccj_59_5 3ccj_60_4 3ccj_61_4 3ccj_62_4 3ccj_63_13 3ccj_64_7 3ccj_65_4 3ccj_66_5 3ccj_67_4
3cco,
3ccm, 3ccm_0_8 3ccm_1_21 3ccm_2_7 3ccm_3_3 3ccm_4_5 3ccm_5_6 3ccm_6_5 3ccm_7_5 3ccm_8_4 3ccm_9_6 3ccm_10_3 3ccm_11_7 3ccm_12_8 3ccm_13_7 3ccm_14_4 3ccm_15_5 3ccm_16_4 3ccm_17_8 3ccm_18_5 3ccm_19_4 3ccm_20_4 3ccm_21_4 3ccm_22_8 3ccm_23_5 3ccm_24_4 3ccm_25_5 3ccm_26_6 3ccm_27_9 3ccm_28_6 3ccm_29_7 3ccm_30_4 3ccm_31_7 3ccm_32_5 3ccm_33_5 3ccm_34_8 3ccm_35_5 3ccm_36_4 3ccm_37_3 3ccm_38_6 3ccm_39_7 3ccm_40_4 3ccm_41_5 3ccm_42_3 3ccm_43_9 3ccm_44_4 3ccm_45_6 3ccm_46_7 3ccm_47_13 3ccm_48_8 3ccm_49_4 3ccm_50_7 3ccm_51_20 3ccm_52_11 3ccm_53_6 3ccm_54_9 3ccm_55_4 3ccm_56_7 3ccm_57_7 3ccm_58_6 3ccm_59_5 3ccm_60_4 3ccm_61_4 3ccm_62_4 3ccm_63_13 3ccm_64_7 3ccm_65_4 3ccm_66_5 3ccm_67_4
3ccl, 3ccl_0_8 3ccl_1_21 3ccl_2_7 3ccl_3_3 3ccl_4_5 3ccl_5_6 3ccl_6_5 3ccl_7_5 3ccl_8_4 3ccl_9_6 3ccl_10_3 3ccl_11_7 3ccl_12_8 3ccl_13_7 3ccl_14_4 3ccl_15_5 3ccl_16_4 3ccl_17_8 3ccl_18_5 3ccl_19_4 3ccl_20_4 3ccl_21_4 3ccl_22_8 3ccl_23_5 3ccl_24_4 3ccl_25_5 3ccl_26_6 3ccl_27_9 3ccl_28_6 3ccl_29_7 3ccl_30_4 3ccl_31_7 3ccl_32_5 3ccl_33_5 3ccl_34_8 3ccl_35_5 3ccl_36_4 3ccl_37_3 3ccl_38_6 3ccl_39_7 3ccl_40_4 3ccl_41_5 3ccl_42_3 3ccl_43_9 3ccl_44_4 3ccl_45_6 3ccl_46_7 3ccl_47_13 3ccl_48_8 3ccl_49_4 3ccl_50_7 3ccl_51_20 3ccl_52_11 3ccl_53_6 3ccl_54_9 3ccl_55_4 3ccl_56_7 3ccl_57_7 3ccl_58_6 3ccl_59_5 3ccl_60_4 3ccl_61_4 3ccl_62_4 3ccl_63_13 3ccl_64_7 3ccl_65_4 3ccl_66_5 3ccl_67_4
3ccs, 3ccs_0_8 3ccs_1_21 3ccs_2_7 3ccs_3_3 3ccs_4_5 3ccs_5_6 3ccs_6_5 3ccs_7_5 3ccs_8_4 3ccs_9_6 3ccs_10_3 3ccs_11_7 3ccs_12_8 3ccs_13_7 3ccs_14_4 3ccs_15_5 3ccs_16_4 3ccs_17_8 3ccs_18_5 3ccs_19_4 3ccs_20_4 3ccs_21_4 3ccs_22_8 3ccs_23_5 3ccs_24_4 3ccs_25_5 3ccs_26_6 3ccs_27_9 3ccs_28_6 3ccs_29_7 3ccs_30_4 3ccs_31_7 3ccs_32_5 3ccs_33_5 3ccs_34_8 3ccs_35_5 3ccs_36_4 3ccs_37_3 3ccs_38_6 3ccs_39_7 3ccs_40_4 3ccs_41_5 3ccs_42_3 3ccs_43_9 3ccs_44_4 3ccs_45_6 3ccs_46_7 3ccs_47_13 3ccs_48_8 3ccs_49_4 3ccs_50_7 3ccs_51_20 3ccs_52_11 3ccs_53_6 3ccs_54_9 3ccs_55_4 3ccs_56_7 3ccs_57_7 3ccs_58_6 3ccs_59_5 3ccs_60_4 3ccs_61_4 3ccs_62_4 3ccs_63_13 3ccs_64_7 3ccs_65_4 3ccs_66_5 3ccs_67_4
3ccr, 3ccr_0_8 3ccr_1_21 3ccr_2_7 3ccr_3_3 3ccr_4_5 3ccr_5_6 3ccr_6_5 3ccr_7_5 3ccr_8_4 3ccr_9_6 3ccr_10_3 3ccr_11_7 3ccr_12_8 3ccr_13_7 3ccr_14_4 3ccr_15_5 3ccr_16_4 3ccr_17_8 3ccr_18_5 3ccr_19_4 3ccr_20_4 3ccr_21_4 3ccr_22_8 3ccr_23_5 3ccr_24_4 3ccr_25_5 3ccr_26_6 3ccr_27_9 3ccr_28_6 3ccr_29_7 3ccr_30_4 3ccr_31_7 3ccr_32_5 3ccr_33_5 3ccr_34_8 3ccr_35_5 3ccr_36_4 3ccr_37_3 3ccr_38_6 3ccr_39_7 3ccr_40_4 3ccr_41_5 3ccr_42_3 3ccr_43_9 3ccr_44_4 3ccr_45_6 3ccr_46_7 3ccr_47_13 3ccr_48_8 3ccr_49_4 3ccr_50_7 3ccr_51_20 3ccr_52_11 3ccr_53_6 3ccr_54_9 3ccr_55_4 3ccr_56_7 3ccr_57_7 3ccr_58_6 3ccr_59_5 3ccr_60_4 3ccr_61_4 3ccr_62_4 3ccr_63_13 3ccr_64_7 3ccr_65_4 3ccr_66_5 3ccr_67_4
3ccq, 3ccq_0_8 3ccq_1_21 3ccq_2_7 3ccq_3_3 3ccq_4_5 3ccq_5_6 3ccq_6_5 3ccq_7_5 3ccq_8_4 3ccq_9_6 3ccq_10_3 3ccq_11_7 3ccq_12_8 3ccq_13_7 3ccq_14_4 3ccq_15_5 3ccq_16_4 3ccq_17_8 3ccq_18_5 3ccq_19_4 3ccq_20_4 3ccq_21_4 3ccq_22_8 3ccq_23_5 3ccq_24_4 3ccq_25_5 3ccq_26_6 3ccq_27_9 3ccq_28_6 3ccq_29_7 3ccq_30_4 3ccq_31_7 3ccq_32_5 3ccq_33_5 3ccq_34_8 3ccq_35_5 3ccq_36_4 3ccq_37_3 3ccq_38_6 3ccq_39_7 3ccq_40_4 3ccq_41_5 3ccq_42_3 3ccq_43_9 3ccq_44_4 3ccq_45_6 3ccq_46_7 3ccq_47_13 3ccq_48_8 3ccq_49_4 3ccq_50_7 3ccq_51_20 3ccq_52_11 3ccq_53_6 3ccq_54_9 3ccq_55_4 3ccq_56_7 3ccq_57_7 3ccq_58_6 3ccq_59_5 3ccq_60_4 3ccq_61_4 3ccq_62_4 3ccq_63_13 3ccq_64_7 3ccq_65_4 3ccq_66_5 3ccq_67_4
3ks8,
3ccv, 3ccv_0_8 3ccv_1_21 3ccv_2_7 3ccv_3_3 3ccv_4_5 3ccv_5_6 3ccv_6_5 3ccv_7_5 3ccv_8_4 3ccv_9_6 3ccv_10_3 3ccv_11_7 3ccv_12_8 3ccv_13_7 3ccv_14_4 3ccv_15_5 3ccv_16_4 3ccv_17_8 3ccv_18_5 3ccv_19_4 3ccv_20_4 3ccv_21_4 3ccv_22_8 3ccv_23_5 3ccv_24_4 3ccv_25_5 3ccv_26_6 3ccv_27_9 3ccv_28_6 3ccv_29_7 3ccv_30_4 3ccv_31_7 3ccv_32_5 3ccv_33_5 3ccv_34_8 3ccv_35_5 3ccv_36_4 3ccv_37_3 3ccv_38_6 3ccv_39_7 3ccv_40_4 3ccv_41_5 3ccv_42_3 3ccv_43_9 3ccv_44_4 3ccv_45_6 3ccv_46_7 3ccv_47_13 3ccv_48_8 3ccv_49_4 3ccv_50_7 3ccv_51_20 3ccv_52_11 3ccv_53_6 3ccv_54_9 3ccv_55_4 3ccv_56_7 3ccv_57_7 3ccv_58_6 3ccv_59_5 3ccv_60_4 3ccv_61_4 3ccv_62_4 3ccv_63_13 3ccv_64_7 3ccv_65_4 3ccv_66_5 3ccv_67_4
3ccu, 3ccu_0_8 3ccu_1_21 3ccu_2_7 3ccu_3_3 3ccu_4_5 3ccu_5_6 3ccu_6_5 3ccu_7_5 3ccu_8_4 3ccu_9_6 3ccu_10_3 3ccu_11_7 3ccu_12_8 3ccu_13_7 3ccu_14_4 3ccu_15_5 3ccu_16_4 3ccu_17_8 3ccu_18_5 3ccu_19_4 3ccu_20_4 3ccu_21_4 3ccu_22_8 3ccu_23_5 3ccu_24_4 3ccu_25_5 3ccu_26_6 3ccu_27_9 3ccu_28_6 3ccu_29_7 3ccu_30_4 3ccu_31_7 3ccu_32_5 3ccu_33_5 3ccu_34_8 3ccu_35_5 3ccu_36_4 3ccu_37_3 3ccu_38_6 3ccu_39_7 3ccu_40_4 3ccu_41_5 3ccu_42_3 3ccu_43_9 3ccu_44_4 3ccu_45_6 3ccu_46_7 3ccu_47_13 3ccu_48_8 3ccu_49_4 3ccu_50_7 3ccu_51_20 3ccu_52_11 3ccu_53_6 3ccu_54_9 3ccu_55_4 3ccu_56_7 3ccu_57_7 3ccu_58_6 3ccu_59_5 3ccu_60_4 3ccu_61_4 3ccu_62_4 3ccu_63_13 3ccu_64_7 3ccu_65_4 3ccu_66_5 3ccu_67_4
2gij,
2gih,
2gii,
3umy, 3umy_0_4
1zh5,
5ddr, 5ddr_0_4 5ddr_1_10
3jsp,
423d,
2gig,
2gie,
3jso,
5ddm,
3jsm,
2gis, 2gis_0_5 2gis_1_4 2gis_2_4
8ica,
4j00,
4pmw,
3um4,
1zho, 1zho_0_4
1gji,
1d1u,
4opk,
4opj,
5lta,
3vh0,
1yfi,
1yfj,
1yfg, 1yfg_0_7 1yfg_1_7 1yfg_2_7
4aq7, 4aq7_0_11 4aq7_1_7
3bep,
1f7y, 1f7y_0_4 1f7y_1_4
1d10,
1f7u, 1f7u_0_10 1f7u_1_7 1f7u_2_7
1f7v, 1f7v_0_10 1f7v_1_7 1f7v_2_7
1d13,
1d14,
1d15,
1d16, 1d16_0_4
1d17,
3g9j,
3pmn,
3pml,
1yf3,
1zna,
3e5f, 3e5f_0_4 3e5f_1_4
3e5e, 3e5e_0_4 3e5e_1_4
3e5c, 3e5c_0_4 3e5c_1_4
1wpu,
2q1o,
5e6d,
5e6a,
5e6b,
5e6c,
2q1r,
3ti0,
1ais,
1aio,
4yis,
3ngd,
3ngi,
3ngo,
3l4k,
3l4j,
4yig,
3e54,
5e69,
2q10,
5e67,
5e63,
4jxz, 4jxz_0_9 4jxz_1_7 4jxz_2_7
4jxx, 4jxx_0_9 4jxx_1_7 4jxx_2_7
3gxq,
1noy,
5cmx, 5cmx_0_17
1euy, 1euy_0_9 1euy_1_7 1euy_2_7
1vq8, 1vq8_0_8 1vq8_1_21 1vq8_2_7 1vq8_3_3 1vq8_4_5 1vq8_5_6 1vq8_6_5 1vq8_7_5 1vq8_8_4 1vq8_9_6 1vq8_10_3 1vq8_11_7 1vq8_12_8 1vq8_13_7 1vq8_14_4 1vq8_15_5 1vq8_16_4 1vq8_17_8 1vq8_18_5 1vq8_19_4 1vq8_20_4 1vq8_21_4 1vq8_22_8 1vq8_23_5 1vq8_24_4 1vq8_25_5 1vq8_26_6 1vq8_27_9 1vq8_28_6 1vq8_29_7 1vq8_30_4 1vq8_31_7 1vq8_32_5 1vq8_33_5 1vq8_34_8 1vq8_35_5 1vq8_36_4 1vq8_37_3 1vq8_38_6 1vq8_39_7 1vq8_40_4 1vq8_41_5 1vq8_42_3 1vq8_43_9 1vq8_44_4 1vq8_45_6 1vq8_46_7 1vq8_47_13 1vq8_48_8 1vq8_49_4 1vq8_50_7 1vq8_51_20 1vq8_52_11 1vq8_53_6 1vq8_54_9 1vq8_55_4 1vq8_56_7 1vq8_57_7 1vq8_58_6 1vq8_59_5 1vq8_60_4 1vq8_61_4 1vq8_62_4 1vq8_63_13 1vq8_64_7 1vq8_65_4 1vq8_66_5 1vq8_67_4
4f5q,
4f5p,
3u56, 3u56_0_4
3jxd,
3ebc,
459d,
4hri,
4lb5,
4bxo,
3u58,
3gx2, 3gx2_0_5 3gx2_1_4 3gx2_2_4
5c0y,
3mgr,
3gx6, 3gx6_0_5 3gx6_1_4 3gx6_2_4
3gx7, 3gx7_0_5 3gx7_1_4 3gx7_2_4
3gx4,
3gx5, 3gx5_0_5 3gx5_1_4 3gx5_2_4
3mr6,
2xe0,
3mr5,
3mr2,
3mr3,
109d,
1sl1,
1sl2,
4xr2,
4xr3,
4xr0,
4xr1,
3lln,
3ana,
304d,
4f5n,
5dun, 5dun_0_8 5dun_1_16
3oxm, 3oxm_0_6 3oxm_1_4
3oxb, 3oxb_0_6 3oxb_1_4
3oxd, 3oxd_0_6 3oxd_1_4
3oxe, 3oxe_0_6 3oxe_1_4
2pua,
2puc,
4xrm,
4dnb,
2pud,
4xrh,
3dlb,
3dlh,
1fok,
4b5i,
1bsu,
4b5j,
1bss,
395d,
1j6s,
3nz7,
4am3,
2fcx, 2fcx_0_9 2fcx_1_9
4pzq,
1ddn,
1ddl,
1rsb,
360d,
3hp6,
1mf5,
1h89,
1h88,
4be1,
4be0,
3ges, 3ges_0_7 3ges_1_6 3ges_2_7
4be2,
3dw6, 3dw6_0_4
3hpo,
5a72,
5a77,
5a74,
5a78,
4f50,
3g0r,
3g0q,
4ea4,
4ea5,
3g0h,
1ddy, 1ddy_0_10 1ddy_1_6
406d,
1h8a,
5tkz,
1qsy,
1qss,
2dra, 2dra_0_7
2drb, 2drb_0_7
3uq0,
1qsl,
2drp,
4far, 4far_0_7 4far_1_13 4far_2_4 4far_3_5 4far_4_24 4far_5_8 4far_6_4 4far_7_8 4far_8_4 4far_9_4
4fau, 4fau_0_7 4fau_1_13 4fau_2_4 4fau_3_5 4fau_4_24 4fau_5_8 4fau_6_4 4fau_7_8 4fau_8_4 4fau_9_4
4faw, 4faw_0_7 4faw_1_13 4faw_2_4 4faw_3_5 4faw_4_24 4faw_5_8 4faw_6_4 4faw_7_4 4faw_8_4
4rwn,
3i62,
3i61,
3qlp,
2dr8, 2dr8_0_7
2dr9, 2dr9_0_7
3r2d,
2dr2, 2dr2_0_7 2dr2_1_7 2dr2_2_7 2dr2_3_7 2dr2_4_7 2dr2_5_7
2dr5, 2dr5_0_7
2dr7, 2dr7_0_7
3r2c,
3kqu,
1bnz,
1bna,
2b9s,
3kqh,
3kqk,
3kql,
4c30,
3kqn,
166d,
1wmq,
3ikt,
3kq8,
3iki,
3t5h,
3t5n,
2got,
4e95,
4m9v,
4m9j,
421d,
4m9h,
4m9n,
4m9l,
4m9g,
4m9e,
1u0b, 1u0b_0_9 1u0b_1_7 1u0b_2_7
1u0c,
1u0d,
282d,
4m94,
4m95,
4s3n,
2g4b,
4e9f,
4e9g,
4e9h,
4dy8,
338d,
5btm, 5btm_0_4
5btl,
5btn,
5bti,
5bte,
5btd,
5btg,
5btf,
5bta,
5btc,
3dw4, 3dw4_0_4
3dw5, 3dw5_0_4
3uo7,
3dw7, 3dw7_0_4
5btp, 5btp_0_6 5btp_1_9
2up1,
1f5t,
5dff,
5dfi,
5dfh,
5dfj,
1pp7,
5bt2,
5hbu,
5hbw,
5hby,
5hbx,
3sc8,
3k9f,
1d36,
1d37,
1d35,
1d32,
1d33,
1d30,
1d31,
1d38,
1d39,
3cw7,
3l2c,
4y27, 4y27_0_4
3scx,
3nae,
2bq3,
3l2r,
1d3u,
1d3r,
4ygi,
2bq5, 2bq5_0_4 2bq5_1_4
3twm,
5b2t, 5b2t_0_4 5b2t_1_2 5b2t_2_4
3twh,
5iwm,
1wrq,
3mlp,
2bqr,
3u7h,
3mln,
3u7f,
2nmv,
3l26,
341d,
2bqu,
5co0,
5co8,
4kfc,
1gqu,
1vj4,
4hli,
3dj2, 3dj2_0_12 3dj2_1_45 3dj2_2_7 3dj2_3_5 3dj2_4_4
3dj0, 3dj0_0_12 3dj0_1_45 3dj0_2_7 3dj0_3_5 3dj0_4_4
3ftm,
3ftf,
3fte,
3q61,
1fms,
1fmq,
4a04,
3ft6,
1bqj,
4q0r,
4q0w,
4q0z,
4e7a,
2axy,
1m3q,
2axb,
1m3h,
2ix1,
5jgh,
4n76,
2wq6,
2grb,
1rqy,
4egy,
4egz,
362d,
3l2p,
3rzj,
3g6e, 3g6e_0_8 3g6e_1_21 3g6e_2_7 3g6e_3_3 3g6e_4_5 3g6e_5_6 3g6e_6_5 3g6e_7_5 3g6e_8_4 3g6e_9_6 3g6e_10_3 3g6e_11_7 3g6e_12_8 3g6e_13_7 3g6e_14_4 3g6e_15_5 3g6e_16_4 3g6e_17_8 3g6e_18_5 3g6e_19_4 3g6e_20_4 3g6e_21_4 3g6e_22_8 3g6e_23_5 3g6e_24_4 3g6e_25_5 3g6e_26_6 3g6e_27_9 3g6e_28_6 3g6e_29_7 3g6e_30_4 3g6e_31_7 3g6e_32_5 3g6e_33_5 3g6e_34_8 3g6e_35_5 3g6e_36_4 3g6e_37_3 3g6e_38_6 3g6e_39_7 3g6e_40_4 3g6e_41_5 3g6e_42_3 3g6e_43_9 3g6e_44_4 3g6e_45_6 3g6e_46_7 3g6e_47_13 3g6e_48_8 3g6e_49_4 3g6e_50_7 3g6e_51_20 3g6e_52_11 3g6e_53_6 3g6e_54_9 3g6e_55_4 3g6e_56_7 3g6e_57_7 3g6e_58_6 3g6e_59_5 3g6e_60_4 3g6e_61_4 3g6e_62_4 3g6e_63_13 3g6e_64_7 3g6e_65_4 3g6e_66_5 3g6e_67_4
3g6p,
3g6q,
3g6r,
3g6t,
3lap,
3g6v,
3g6x,
3g6y,
5e41,
397d,
1mdy,
3epi,
1mdm,
1mdg,
400d,
3rh6,
3rh5,
3rh4,
246d,
2i0q,
4lmg,
2dpc,
3i8d,
2dpj,
2dpi,
3qnn,
3qno,
2dp6,
2dp7,
3w6v,
447d,
5l00,
2fjx,
2i06,
2i05,
2fjv,
2fjw,
5ezf,
3x1t,
1woe,
3zh2, 3zh2_0_4 3zh2_1_4
1bl0,
4tmu,
3imb,
1apl,
1qqa,
1qqb,
3pnc,
3zhm,
1dnf,
427d,
1zla,
1r9f,
4uaz,
4uay,
4m2y,
4uaw,
4jcy,
4jcx,
280d,
3wkj,
3u7g,
1z9c,
5inq,
1zl3, 1zl3_0_7
336d,
1dns,
2es2,
5bzy,
1dfm,
1prp,
1i8m,
5iff,
1ybc,
1dfu,
5dh6, 5dh6_0_4 5dh6_1_6
3pa0,
2esj,
2esi,
3g99,
4gdf,
4xic,
1yb9,
5dhc,
5dhb,
4xid,
3uiq,
3uq2,
4xiu,
436d,
3ok4,
1i0p,
4glc,
2hyi,
3tu4,
5hlt,
2ago,
4ot3,
2agp,
2agq,
5hlk,
1oct,
5hlh,
2bsq,
4glg,
4y0f,
3ncu,
5e24,
4y00,
3sas,
3sar,
4oto,
4yew,
3saw,
3sav,
2bs1, 2bs1_0_3 2bs1_1_3
2bs0, 2bs0_0_3 2bs0_1_3
3l0u, 3l0u_0_8 3l0u_1_7 3l0u_2_7
3c7r,
3nci,
4hly,
3gyh,
1eyu,
4hn6,
4hn5,
5ciy,
2noz,
2rdj,
1eyg,
1nkc,
2noe,
1nke,
2nof,
2noi,
2noh,
2nok,
3mnn,
2nol,
5h9f, 5h9f_0_4
1nk0,
1nk4,
1nk5,
1nk6,
4rkv,
2xy5,
1nk9,
2xy6,
1gsg,
278d,
4qvd,
4qvc,
3o8c,
4qvi, 4qvi_0_4
9ick,
2py5,
4u3r,
2py9,
9icn,
1lu5,
3dh3, 3dh3_0_4
5ki6,
2zm5, 2zm5_0_8 2zm5_1_7 2zm5_2_7
3bdp,
2pyl,
2pyo,
2pyj,
4e8s,
9icx,
1m1a,
1tez,
4iii,
4n5s,
2azx, 2azx_0_7 2azx_1_7 2azx_2_7 2azx_3_7 2azx_4_7 2azx_5_7
319d,
2iz9, 2iz9_0_4 2iz9_1_4
4nm2,
3a46,
439d,
2voo,
2von,
2voa,
5jea, 5jea_0_4
2qex, 2qex_0_8 2qex_1_21 2qex_2_7 2qex_3_3 2qex_4_5 2qex_5_6 2qex_6_5 2qex_7_5 2qex_8_4 2qex_9_6 2qex_10_3 2qex_11_7 2qex_12_8 2qex_13_7 2qex_14_4 2qex_15_5 2qex_16_4 2qex_17_8 2qex_18_5 2qex_19_4 2qex_20_4 2qex_21_4 2qex_22_8 2qex_23_5 2qex_24_4 2qex_25_5 2qex_26_6 2qex_27_9 2qex_28_6 2qex_29_7 2qex_30_4 2qex_31_7 2qex_32_5 2qex_33_5 2qex_34_8 2qex_35_5 2qex_36_4 2qex_37_3 2qex_38_6 2qex_39_7 2qex_40_4 2qex_41_5 2qex_42_3 2qex_43_9 2qex_44_4 2qex_45_6 2qex_46_7 2qex_47_13 2qex_48_8 2qex_49_4 2qex_50_7 2qex_51_20 2qex_52_11 2qex_53_6 2qex_54_9 2qex_55_4 2qex_56_7 2qex_57_7 2qex_58_6 2qex_59_5 2qex_60_4 2qex_61_4 2qex_62_4 2qex_63_13 2qex_64_7 2qex_65_4 2qex_66_5 2qex_67_4
2vod,
3irr,
2qef,
3irq,
3irw, 3irw_0_4 3irw_1_10
2vop,
4n56,
1m19,
1m18,
4ii9,
2az0,
2az2,
4ail,
4aij,
4aik,
2izm, 2izm_0_4 2izm_1_4
2izn, 2izn_0_4 2izn_1_4
2gpm,
3ht3,
2gpx,
4eey,
2wwy,
3hts,
3g4m, 3g4m_0_7 3g4m_1_6 3g4m_2_7
1xi1,
3g4t,
3lja,
5kg5,
399d,
4l26,
4fk0,
2i2i,
1clq,
2fl3,
244d,
3rje,
3rjg,
3rjf,
3rji,
3rjh,
3rjk,
3rjj,
1xo0,
2flp,
8icf,
3g8t, 3g8t_0_11 3g8t_1_19 3g8t_2_7 3g8t_3_4
8icc,
1cl8,
8icm,
8icn,
8ico,
8ici,
8ick,
8icu,
2flc,
2fld,
8icq,
8icr,
8ics,
2fll,
2np6,
2fln,
4fk4,
2o8d,
1hdd,
320d,
3sz2,
3sz5,
2b57, 2b57_0_7 2b57_1_6 2b57_2_7
4wkj,
1xns,
5l2l,
1wne,
3szx,
2v7r,
4a08,
3zju, 3zju_0_11 3zju_1_4 3zju_2_7
3zjt, 3zjt_0_11 3zjt_1_4 3zjt_2_7
3zjv, 3zjv_0_11 3zjv_1_4 3zjv_2_7
5l2x,
4w9m,
425d,
1zbl,
4h0e,
1zbi,
1zbh, 1zbh_0_4 1zbh_1_4
1ebm,
2g8i,
2g8h,
2g8k,
4jab,
2g8u,
2zh1, 2zh1_0_7
2g8w,
2g8v,
1u4b,
2zh5, 2zh5_0_7
2zh6, 2zh6_0_7
1nvp,
2zh8, 2zh8_0_7
2zh9, 2zh9_0_7
1nvy,
286d,
1u47,
1u45,
2zhg,
1u48,
1u49,
5cv2,
119d,
334d,
3bi3,
3c25,
383d,
4xk0,
4gfb,
1i6j,
5bpc,
5bpd,
2euv,
2euw,
2eux,
1i6u, 1i6u_0_4
1f1t, 1f1t_0_4
3oa6,
3ds7, 3ds7_0_7 3ds7_1_6 3ds7_2_7
5fro,
1pt3,
3ukc,
3dsc,
3dsd, 3dsd_0_4
3ukg,
5hnf,
5hnh,
5hnk,
5hnj,
5hnq,
2h7g,
2zxu, 2zxu_0_8 2zxu_1_7 2zxu_2_7
3ts8,
1omk,
3nm9,
1omh, 1omh_0_4
3e3y,
3ts2, 3ts2_0_10 3ts2_1_10
3c58,
227d,
4ov7,
8bna,
4yco, 4yco_0_8 4yco_1_7 4yco_2_7
4ycp, 4ycp_0_8 4ycp_1_7
414d,
4ycx,
3f8j,
3f8i,
1o0k,
3f8o,
5e08, 5e08_0_4
3nmu, 3nmu_0_4
1o0b, 1o0b_0_9 1o0b_1_7 1o0b_2_7
1o0c, 1o0c_0_9 1o0c_1_7 1o0c_2_7
3nmr,
5e01,
3c5d,
3c5g,
3c5f,
1vfg, 1vfg_0_9
3nma,
3u3w,
3u3y,
4kb1, 4kb1_0_4
4kb0, 4kb0_0_4
3eh8,
3v81,
3mht,
5cki, 5cki_0_10 5cki_1_10
5ckk, 5ckk_0_10 5ckk_1_10
3h25, 3h25_0_3
3u38,
2hdd,
4x9j,
4ub2,
205d,
4qtk,
4qtj,
453d,
482d,
4lth,
4lti,
4ltj,
4ltk,
3add, 3add_0_4 3add_1_4 3add_2_7 3add_3_4 3add_4_4 3add_5_7
1mq3,
3adl,
4ltf,
4ltg,
3wru,
4zbn, 4zbn_0_5 4zbn_1_5
5f9i,
5f9l,
2fqn,
1fiu,
2fqz,
1fix,
1lwy,
4dsi,
1lwv,
1lww,
5jc3,
5jc7,
4cqn, 4cqn_0_11 4cqn_1_7
2d47,
1je8,
1bua,
1tgh,
138d,
2it0,
1u1l,
2vqf, 2vqf_0_9 2vqf_1_5 2vqf_2_4 2vqf_3_4 2vqf_4_3 2vqf_5_7 2vqf_6_4 2vqf_7_12 2vqf_8_4 2vqf_9_4 2vqf_10_4 2vqf_11_5 2vqf_12_16 2vqf_13_4 2vqf_14_5 2vqf_15_8 2vqf_16_4 2vqf_17_9 2vqf_18_3 2vqf_19_4 2vqf_20_4 2vqf_21_8 2vqf_22_4 2vqf_23_4 2vqf_24_4 2vqf_25_6 2vqf_26_5 2vqf_27_4 2vqf_28_4 2vqf_29_8 2vqf_30_10 2vqf_31_4 2vqf_32_4
2vqe, 2vqe_0_9 2vqe_1_5 2vqe_2_4 2vqe_3_4 2vqe_4_3 2vqe_5_7 2vqe_6_4 2vqe_7_12 2vqe_8_4 2vqe_9_4 2vqe_10_4 2vqe_11_5 2vqe_12_16 2vqe_13_4 2vqe_14_5 2vqe_15_8 2vqe_16_4 2vqe_17_9 2vqe_18_3 2vqe_19_4 2vqe_20_4 2vqe_21_8 2vqe_22_4 2vqe_23_4 2vqe_24_4 2vqe_25_6 2vqe_26_5 2vqe_27_4 2vqe_28_4 2vqe_29_8 2vqe_30_10 2vqe_31_4 2vqe_32_4
1u1n,
1m77,
5jcf,
1jey, 1jey_0_5
5jch,
1jes,
1nkp,
2itl,
1dpn,
3v6t,
2xgp,
4o3m,
1k9g,
2gvr,
1k9m, 1k9m_0_8 1k9m_1_21 1k9m_2_7 1k9m_3_3 1k9m_4_5 1k9m_5_6 1k9m_6_5 1k9m_7_5 1k9m_8_4 1k9m_9_6 1k9m_10_3 1k9m_11_7 1k9m_12_8 1k9m_13_7 1k9m_14_4 1k9m_15_5 1k9m_16_4 1k9m_17_8 1k9m_18_5 1k9m_19_4 1k9m_20_4 1k9m_21_4 1k9m_22_8 1k9m_23_5 1k9m_24_4 1k9m_25_5 1k9m_26_6 1k9m_27_9 1k9m_28_6 1k9m_29_7 1k9m_30_4 1k9m_31_7 1k9m_32_5 1k9m_33_5 1k9m_34_8 1k9m_35_5 1k9m_36_4 1k9m_37_3 1k9m_38_6 1k9m_39_7 1k9m_40_4 1k9m_41_5 1k9m_42_3 1k9m_43_9 1k9m_44_4 1k9m_45_6 1k9m_46_7 1k9m_47_13 1k9m_48_8 1k9m_49_4 1k9m_50_7 1k9m_51_20 1k9m_52_11 1k9m_53_6 1k9m_54_9 1k9m_55_4 1k9m_56_7 1k9m_57_7 1k9m_58_6 1k9m_59_5 1k9m_60_4 1k9m_61_4 1k9m_62_4 1k9m_63_13 1k9m_64_7 1k9m_65_4 1k9m_66_5 1k9m_67_4
4uzb,
2ofi,
4krf,
1b7f,
3hzi,
3oz3,
242d,
9mht,
2wq7,
1qn9,
1c9z,
1c9s,
1cn0,
1c9b,
5dqg,
1run,
1ruo,
5dqh,
5dqi,
5dqk, 5dqk_0_4 5dqk_1_6
5dqz,
322d,
197d,
160d,
5kvj,
3d4v,
181d,
2v9w,
1pnn,
5cpi,
5cpk,
4jgn,
4puq,
4jgc,
1nta,
1ntb,
3bkz,
1hf0,
4puo,
5ev1,
5ev2,
4e3s,
332d,
3wts,
3wtp,
284d,
1w0t,
1w0u,
3eum,
3p22, 3p22_0_4
3eui,
5ed2,
1nt8,
4h29,
5cp2,
2zjr, 2zjr_0_8 2zjr_1_21 2zjr_2_9 2zjr_3_4 2zjr_4_4 2zjr_5_4 2zjr_6_6 2zjr_7_4 2zjr_8_5 2zjr_9_6 2zjr_10_3 2zjr_11_7 2zjr_12_7 2zjr_13_25 2zjr_14_6 2zjr_15_4 2zjr_16_4 2zjr_17_7 2zjr_18_8 2zjr_19_4 2zjr_20_4 2zjr_21_6 2zjr_22_6 2zjr_23_8 2zjr_24_5 2zjr_25_4 2zjr_26_6 2zjr_27_6 2zjr_28_9 2zjr_29_6 2zjr_30_3 2zjr_31_4 2zjr_32_7 2zjr_33_5 2zjr_34_4 2zjr_35_8 2zjr_36_9 2zjr_37_5 2zjr_38_4 2zjr_39_2 2zjr_40_6 2zjr_41_4 2zjr_42_4 2zjr_43_3 2zjr_44_3 2zjr_45_11 2zjr_46_5 2zjr_47_4 2zjr_48_7 2zjr_49_13 2zjr_50_8 2zjr_51_6 2zjr_52_7 2zjr_53_19 2zjr_54_11 2zjr_55_7 2zjr_56_6 2zjr_57_6 2zjr_58_4 2zjr_59_8 2zjr_60_7 2zjr_61_6 2zjr_62_5 2zjr_63_4 2zjr_64_4 2zjr_65_4 2zjr_66_13 2zjr_67_7 2zjr_68_7 2zjr_69_4 2zjr_70_5 2zjr_71_4
5cp6,
3azg,
5ed4,
381d,
4ghl,
2ewj,
4r8u, 4r8u_0_2
1pvq,
1pvp,
1pvr,
4gha,
1pvi,
3og8,
1pvo,
4r8j,
4r8i, 4r8i_0_17 4r8i_1_11
2o1i,
3pey,
3pew,
2uvr,
2uvu,
1pv4,
2uvw,
2uvv,
4j8x,
5dlg,
5dlf,
4xeg,
5dlj,
5dlo,
1i47,
3ogu,
4j8u,
3vok,
5hhi,
5hhh,
3tq6,
3tq1,
1d90,
1d91,
1d92,
1d93,
1d96,
1d97,
1d98,
1d99,
2bop,
1ooa, 1ooa_0_4
221d,
2acj,
4yaz, 4yaz_0_4 4yaz_1_3
2obz,
1d9r,
2ac0,
4arc, 4arc_0_11 4arc_1_4 4arc_2_7
3c3z,
4w5r,
4w5t,
4ohz,
4ohy,
1d9d,
1d9f,
4w5o,
1d9h,
3c3l, 3c3l_0_3
5k8h,
3mjb, 3mjb_0_8
3mja, 3mja_0_8
3h0d,
1ub8,
4hj7,
4hj5,
4hj8,
4hj9,
3gpx,
3gpy,
3gpp,
3gpq,
1d23,
3gpu,
3gpl,
2w35,
2w36,
4hje,
1d27,
4hja,
1d26,
1ubd,
4rtp,
3mj0,
5k83,
3gp8,
5akf,
4klu,
3gp1,
4kls,
4klq,
4klo,
4klm,
4kll,
4klj,
4kli,
4klh,
4bpb,
4klf,
4kle,
4kld,
4lvv, 4lvv_0_11 4lvv_1_4
1csl,
3wph, 3wph_0_5
3wpi,
4lvs,
3lds,
3wpc,
3ldy,
3wpg, 3wpg_0_5
3wpd, 3wpd_0_5
3afa,
1lq1,
1kc6,
4df8,
5ke8,
4rp2,
5ke6,
4lvl, 4lvl_0_2
4rp1,
4lvj, 4lvj_0_2
4lvk, 4lvk_0_2
4lvi, 4lvi_0_2
4lmz,
1stx,
4dfm,
4dfj,
4dfk,
5awh,
1kci,
5keb,
5kea,
4rpz,
4rpx,
4rpy,
3af6,
4dfp,
5l0m,
2dpb,
4k4w,
4k4v,
1m5k, 1m5k_0_10 1m5k_1_4
4k4t,
4k4s,
2vs8,
1m5o, 1m5o_0_10 1m5o_1_4
4iem,
435d,
2vs7,
2qa4, 2qa4_0_8 2qa4_1_21 2qa4_2_7 2qa4_3_3 2qa4_4_5 2qa4_5_6 2qa4_6_5 2qa4_7_5 2qa4_8_4 2qa4_9_6 2qa4_10_3 2qa4_11_7 2qa4_12_8 2qa4_13_7 2qa4_14_4 2qa4_15_5 2qa4_16_4 2qa4_17_5 2qa4_18_4 2qa4_19_4 2qa4_20_4 2qa4_21_8 2qa4_22_5 2qa4_23_4 2qa4_24_5 2qa4_25_6 2qa4_26_9 2qa4_27_6 2qa4_28_7 2qa4_29_4 2qa4_30_7 2qa4_31_5 2qa4_32_5 2qa4_33_8 2qa4_34_5 2qa4_35_4 2qa4_36_3 2qa4_37_6 2qa4_38_7 2qa4_39_4 2qa4_40_5 2qa4_41_3 2qa4_42_9 2qa4_43_4 2qa4_44_6 2qa4_45_7 2qa4_46_13 2qa4_47_8 2qa4_48_4 2qa4_49_7 2qa4_50_20 2qa4_51_11 2qa4_52_6 2qa4_53_9 2qa4_54_4 2qa4_55_7 2qa4_56_7 2qa4_57_6 2qa4_58_5 2qa4_59_4 2qa4_60_4 2qa4_61_4 2qa4_62_13 2qa4_63_7 2qa4_64_4 2qa4_65_5 2qa4_66_4
4k4z,
4k4y,
4csa,
4k4g,
1m5x,
1m5p, 1m5p_0_10 1m5p_1_4
1m5r,
2d25,
4k4i,
1m5v, 1m5v_0_10 1m5v_1_4
1qf6, 1qf6_0_8 1qf6_1_7 1qf6_2_7
2d2k,
2d2l,
2ho7, 2ho7_0_12 2ho7_1_20 2ho7_2_7 2ho7_3_4
1q3v,
1q3u,
5jaj,
3ivn, 3ivn_0_9 3ivn_1_6 3ivn_2_9
1q3f,
4cs1,
101d,
298d,
4eyh,
4eyi,
3hxo, 3hxo_0_3 3hxo_1_5
3hxq, 3hxq_0_3 3hxq_1_5
2odi,
2yvh,
3hx0,
4ux5,
5itt,
5itu,
5ds5,
3px4,
3px7,
3px6,
3rnu,
3px0,
5dsb,
5dsa,
1xmq, 1xmq_0_9 1xmq_1_5 1xmq_2_4 1xmq_3_4 1xmq_4_3 1xmq_5_7 1xmq_6_4 1xmq_7_12 1xmq_8_4 1xmq_9_4 1xmq_10_23 1xmq_11_5 1xmq_12_16 1xmq_13_4 1xmq_14_5 1xmq_15_8 1xmq_16_4 1xmq_17_9 1xmq_18_3 1xmq_19_4 1xmq_20_4 1xmq_21_8 1xmq_22_4 1xmq_23_2 1xmq_24_4 1xmq_25_6 1xmq_26_5 1xmq_27_4 1xmq_28_4 1xmq_29_8 1xmq_30_9 1xmq_31_4 1xmq_32_4 1xmq_33_7
3d70,
3dw9,
3waz,
3rn5,
1pm5,
195d,
1otc,
3sv4,
1wet,
4nyd, 4nyd_0_6
3sv3,
1azp,
1azq,
2dz7,
5b43, 5b43_0_4
324d,
215d,
240d,
4tzy, 4tzy_0_9 4tzy_1_6 4tzy_2_7
5l6l,
1az0,
4ny8,
183d,
4wo2,
4wo3,
1wsu, 1wsu_0_2 1wsu_1_2
3tok,
2adw,
1zfv,
1efo,
1u8r,
1efa,
1zfx,
5crx,
4pwm,
1zfb,
1zfa,
5et9,
1zfg,
1zff,
1zfe,
1u8b,
4pwd,
1zfh,
5crj,
5crk,
1zfm,
4e1u,
330d,
4kre,
2q2k,
1zf3,
2b1b,
1zf1,
3bm3,
1zf7,
1zf6,
1zf5,
1zf4,
4pw5,
4pw7,
1zf8,
2rd2, 2rd2_0_9 2rd2_1_7 2rd2_2_7
1nr8,
1z3f,
1hht,
4gju,
4gjp,
4gjr,
1i2x,
1i2y,
5ihd,
122d,
1dl8,
5dnm,
5dno,
5dnn,
4g7o,
5dnb,
4g7h,
5hjz,
223d,
5ch0,
3nic,
4l0a,
1qbp,
1vbz, 1vbz_0_8 1vbz_1_15 1vbz_2_10
1vby, 1vby_0_8 1vby_1_15 1vby_2_10
1vbx, 1vbx_0_8 1vbx_1_15 1vbx_2_10
4l0y,
4l0z,
4oji, 4oji_0_8 4oji_1_19
3f4h, 3f4h_0_7 3f4h_1_6 3f4h_2_7 3f4h_3_6
3c1b,
2xsl,
3mdi,
2pxv, 2pxv_0_4
3mdg,
3mda,
3gvn,
3mdc,
2pxt, 2pxt_0_4
2pxu, 2pxu_0_4
2pxk, 2pxk_0_4
1flo,
2pxi,
209d,
457d,
3v4i,
4knq,
3gv5,
3gv7,
2xs7,
4qpx,
349d,
4kny,
2xs2,
1msy, 1msy_0_4
1msw,
1gid, 1gid_0_4 1gid_1_7 1gid_2_3
4dx4,
5kg4,
5kg7,
5kg6,
4a8m,
5kg0,
5kg3,
5kg2,
3wvg,
3wvh,
3wvi,
4a8s,
3wvk,
1svc,
3qyn,
2ok0,
3fl6,
1keg,
4lx5, 4lx5_0_9 4lx5_1_6 4lx5_2_7
4lx6, 4lx6_0_9 4lx6_1_6 4lx6_2_7
4rve,
3g97,
1feu,
1fyl,
437d, 437d_0_6 437d_1_13
4q8e,
4q8f,
1t4i,
4htu,
4i8t,
2vuq,
1by4,
3ixn,
1qda,
5h1k,
3ukb,
1zyq,
1tc3,
2ozs,
2ypb,
2ypa,
408d,
2ozb, 2ozb_0_5
2ozm,
5d9y,
5hrf,
4gqd,
239d,
1yyw,
4gqj,
3qfq,
3nj7,
1yyk,
1yyo,
1po6,
5dui,
1xok,
3qf8,
485d,
1ryr,
1rys,
3a01,
326d,
3iqp, 3iqp_0_5 3iqp_1_4 3iqp_2_4
4ht8,
4ht9,
5g35,
5g34,
3t5q,
5g33,
5g32,
3cwa,
4ngg,
4ngd,
4ngc,
4ngb,
3t5e,
3t5j,
3t5k,
3cwu,
3cwt,
3cws,
3t5l,
5b2j,
5b2i,
5b2o, 5b2o_0_4 5b2o_1_3 5b2o_2_3
217d,
2dxi, 2dxi_0_8 2dxi_1_7 2dxi_2_7
1ixj,
5b2s, 5b2s_0_4 5b2s_1_2 5b2s_2_4
5b2r, 5b2r_0_4 5b2r_1_2 5b2r_2_4
5b2q, 5b2q_0_4 5b2q_1_3 5b2q_2_3
5b2p, 5b2p_0_4 5b2p_1_3 5b2p_2_3
1ixy,
3n4o,
3p6y,
1z19,
1edr,
3boy,
4e7y,
4pqv, 4pqv_0_4 4pqv_1_5 4pqv_2_5
4pqu,
1zdi, 1zdi_0_4 1zdi_1_4
1zdh, 1zdh_0_4 1zdh_1_4
1zdk, 1zdk_0_4 1zdk_1_4
1zdj, 1zdj_0_4 1zdj_1_4
4e7h,
4e7i,
4e7l,
2nqj,
2b3j, 2b3j_0_7 2b3j_1_7
4e78,
2rf3,
5erz,
2b3e,
4jk0,
1hjc,
1hjb,
3eqw,
2h9s,
3eqt,
1dne,
250d,
1dnm,
4o9m,
1dno,
5ink,
5inl,
1dnh,
1dnk,
3o9x,
5inp,
1dnt,
5bzv,
4xa5,
1s0m,
1s0n,
1s0o,
1dnx,
1dnz,
1l5u,
1i0t,
4glx,
3ok2,
4g92,
1i0q,
1i0n,
1i0o,
1i0m,
1i0j,
1i0k,
4gle,
1i0f,
1i0g,
4glh,
4rkg,
1s03, 1s03_0_6
9icu,
4rkh,
1dn5,
1dn4,
5bz1,
1dn6,
5bz7,
5bz5,
5bz9,
1dn9,
1dn8,
4g9z,
3vke,
3e9w,
4l24,
4l25,
5hto, 5hto_0_7 5hto_1_5 5hto_2_7 5hto_3_5
5t9j,
2aor,
2aoq,
4jv1,
3vk7,
3nkb, 3nkb_0_7 3nkb_1_14 3nkb_2_4
3vk8,
5jzq,
385d,
2ao5,
4oln,
4olb,
4ola,
1t05,
3mfk,
3mfh,
3mfi,
3o3g,
3o3f,
3h4b,
5f9f, 5f9f_0_4 5f9f_1_4 5f9f_2_4 5f9f_3_4 5f9f_4_4 5f9f_5_4
3h4d,
2w7n,
4hf2,
1b72,
4hf1,
5f9n,
3o3i,
3o3h,
6tna, 6tna_0_8 6tna_1_9 6tna_2_7
3h40,
3m9o,
3m9n,
3m9m,
455d,
5f99,
3v6y,
4khn,
3m9e,
4khs,
3v6d,
4khq,
4khw,
4khu,
4khy,
3v6h,
3v6j,
4f3u,
3wtx,
3wty,
3wtv,
3wtw,
3wtt,
3wtu,
4rt2,
4rt3,
5ak9,
3azf,
4ff2, 4ff2_0_3
3aze,
3azj,
2c9l,
3azi,
3azn,
4lzg,
3azl,
3azm,
4z3c,
4z3a,
1sxp,
1sxq,
1cw0,
1kgk,
1cw9,
4lz1,
4rtr,
4rts,
4lz4,
4rtq,
4rtn,
4rto,
4rtl,
261d,
4rtj,
4rtk,
1lmb,
5akn,
5akm,
5kal,
1sx8,
4z31, 4z31_0_3 4z31_1_3
1sx5,
1pa6,
4i67,
431d,
1bp7,
2vwj,
4oww,
4tzx, 4tzx_0_9 4tzx_1_6 4tzx_2_7
311d,
294d,
2irf,
2a7e,
2cdm, 2cdm_0_4 2cdm_1_2
3ov7, 3ov7_0_7 3ov7_1_7
1qbj,
4q5s,
4zdo, 4zdo_0_4 4zdo_1_7
4tz0,
4zdp, 4zdp_0_4 4zdp_1_7
2vw9,
4tra, 4tra_0_8 4tra_1_9 4tra_2_7
3brd,
3brg,
3brf,
1hq7,
1hq1, 1hq1_0_4
4ldx,
2oxv,
2oxm,
5u9h,
5eoz,
5fq5, 5fq5_0_4 5fq5_1_2 5fq5_2_4
1llm,
4gsg,
237d,
4gsi,
1par,
3rrh,
3rrg,
5dww,
3rr8,
2gxb,
3rr7,
1n6j,
5dwx,
4gs2,
5dwb,
1n6q,
5dwa,
328d,
191d,
5tw1,
4wsb, 4wsb_0_4
3t3o,
3cul, 3cul_0_4 3cul_1_10 3cul_2_7
3cun, 3cun_0_4 3cun_1_10 3cun_2_7
3t3f,
187d,
5g5t,
5b0y,
5b0z,
211d,
1ivs, 1ivs_0_7 1ivs_1_7 1ivs_2_7
4ru9,
3p4j,
3p4a,
3p4c,
3p4b,
3p4d,
4pso,
3hjw, 3hjw_0_9
1z79,
4jiy,
2b1c,
3mgp,
3es0,
1kx3,
1efw, 1efw_0_9 1efw_1_7 1efw_2_7
1z7f,
1z7i,
5f8m,
1ej9,
4e58,
4e59,
4b24,
1hlz,
4e54,
4b20,
4b21,
4b22,
4b23,
1hlo,
1s2r,
4r2d,
4r2e,
4r2a,
4r2c,
3us1,
3us0,
4ri9,
4ri8,
4r2p,
4r2q,
5bxw,
4r2s,
4gnx,
3lrr,
5f8a,
3oie,
1s23,
4xco, 4xco_0_4 4xco_1_4
3oin, 3oin_0_6
4ria,
4ric,
3oij, 3oij_0_6 3oij_1_6
1dh3,
4r24,
4rip,
4r22,
126d,
2b1d,
6pax,
2fkc,
1g8n,
2bee,
4on0,
3vek,
1g8u,
3veb,
5jxs,
4ond,
5jxy,
4f4n,
2kfz,
2hw3,
2hw8, 2hw8_0_4
2be0,
412d,
3v07,
3v06,
3o1u,
3o1t,
3o1v,
3o1p,
3o1s,
3o1r,
3o1m,
3o1o,
258d,
3gjl,
1mw8,
3gjh,
3gjj,
3gjk,
5eey,
1lp7,
2wbu,
4ot0,
2wbs,
5eez,
1mwj,
1mwi,
2r8s, 2r8s_0_4 2r8s_1_7 2r8s_2_7
2yie, 2yie_0_7 2yie_1_6 2yie_2_7 2yie_3_6
1mwl,
2r8h,
2r8i,
5hlf, 5hlf_0_3
2r8g,
2wb2,
2c7p,
2c7q,
2c7r,
3fht,
2c7o,
2c7a,
5i4a,
354d,
4z1x,
3q0c,
263d,
1rbj,
5i44,
2p2r,
313d,
4nya, 4nya_0_5 4nya_1_6
4cis,
5da6,
433d,
2qoj,
3s8u, 3s8u_0_4
3s8q,
1t0e,
1t0d,
5t1j,
2a1r,
1v3o,
296d,
5t14,
5t16, 5t16_0_4 5t16_1_4
3s80,
4fnc,
4fnj, 4fnj_0_4
4e5c,
2vy2,
2vy1,
3spl,
3sau,
3sat,
3btz,
3bty,
3btx,
4k27, 4k27_0_4
5fw1, 5fw1_0_4 5fw1_1_2 5fw1_2_4
5fw2, 5fw2_0_4 5fw2_1_2 5fw2_2_4
5fw3, 5fw3_0_4 5fw3_1_2 5fw3_2_4
5et2,
5emc,
3bt7, 3bt7_0_9
5emp,
5lyu, 5lyu_0_4
5lyv, 5lyv_0_4
5lys, 5lys_0_4
3pr5,
3pr4,
5dy0,
3rtv,
235d,
4mce,
4mcf,
1n48,
3d1n,
3a4k,
1hlv,
1n4l,
1xsp,
4esj,
1n4e,
1xsd,
3ket,
1xsn,
4p5j, 4p5j_0_6 4p5j_1_7 4p5j_2_7 4p5j_3_9 4p5j_4_6
1xsl,
3zd7,
3zd6,
3zd5, 3zd5_0_4 3zd5_1_6
3zd4, 3zd4_0_4 3zd4_1_6
3t1y, 3t1y_0_9 3t1y_1_5 3t1y_2_4 3t1y_3_4 3t1y_4_3 3t1y_5_7 3t1y_6_4 3t1y_7_12 3t1y_8_4 3t1y_9_4 3t1y_10_4 3t1y_11_5 3t1y_12_16 3t1y_13_4 3t1y_14_5 3t1y_15_8 3t1y_16_4 3t1y_17_9 3t1y_18_5 3t1y_19_4 3t1y_20_4 3t1y_21_8 3t1y_22_4 3t1y_23_4 3t1y_24_4 3t1y_25_6 3t1y_26_5 3t1y_27_4 3t1y_28_4 3t1y_29_8 3t1y_30_10 3t1y_31_4 3t1y_32_4
4fs2,
4wuz,
4fs6,
4fs5,
4wuh,
4wul,
1orn,
4ncb,
4nca,
3zdc,
3zdb,
3zda,
3zdd,
189d,
3spd,
3k64,
3tfs,
3tfr,
3k62,
3spy,
4wu8,
4wu9,
7msf, 7msf_0_4 7msf_1_4
4wu4,
213d,
469d,
2xhb,
2rbf,
2xhi,
2rba,
4qg3, 4qg3_0_4
1ehz, 1ehz_0_8 1ehz_1_9 1ehz_2_7
2o61,
1ehv,
1nkb,
2nob,
1ehl,
4qgu,
1z5t,
5swd, 5swd_0_9 5swd_1_4 5swd_2_7
5gkh,
2o6m,
1ckt,
1l1h,
5kx9, 5kx9_0_7 5kx9_1_6 5kx9_2_7 5kx9_3_6
4ro8,
1l1t,
1l1z,
4ro7,
4ro4,
153d,
309d,
4r2r,
4rok,
4roo,
4ron,
4roc,
4rog,
1s45,
4roe,
4rod,
4roz,
4roy,
1dj6,
2bgw,
4l62,
4izz,
2bgg,
3f21,
4izr,
4izq,
3f22,
3f27,
4yye, 4yye_0_9 4yye_1_7 4yye_2_9 4yye_3_7
5jeu,
2i3p,
410d,
5jvw,
5hp2,
3f2c,
3f2b,
3f2d,
5hp4,
3f2q, 3f2q_0_7 3f2q_1_6 3f2q_2_7 3f2q_3_6
3f2t, 3f2t_0_7 3f2t_1_6 3f2t_2_7 3f2t_3_6
3n7b,
1nk7,
389d,
1nk8,
4rim,
3mby,
3v21,
3v20,
4qz9,
4qz8,
3o7v,
5fjc, 5fjc_0_5 5fjc_1_4 5fjc_2_4
480d, 480d_0_4
4ed6,
1muh,
4ktq,
4qzc,
4qzb,
4qza,
4qzg,
4qzf,
4qze,
4qzd,
4bhk,
4qzi,
4qzh,
4bhm,
5fj4, 5fj4_0_10
5fj1, 5fj1_0_4 5fj1_1_4 5fj1_2_4 5fj1_3_4
5fj0,
2c5r,
430d, 430d_0_4
3gca, 3gca_0_10 3gca_1_18
448d,
5d3g, 5d3g_0_3
4z7b,
4z7z,
5aox, 5aox_0_6 5aox_1_17 5aox_2_8
5aor,
2c50, 2c50_0_4 2c50_1_4
2c51, 2c51_0_4 2c51_1_4
265d,
2p0j,
3h8o,
4u8a,
4u8c,
4u8b,
3h8r,
4x5v,
3h8x,
315d,
4i2c,
4i2b,
4i2a,
4i2g,
4i2f,
4i2e,
1qn4,
1qn5,
1qn6,
1qn7,
4i2o,
1qn3,
2a3v,
3s6i,
3clz,
1t2k,
5t3l,
290d,
4zhn,
4i27,
4flw,
4flt,
1qne,
4i29,
4i28,
1qna,
1qnb,
1qnc,
9ica,
1bc7,
1bc8,
1hu0,
1zse, 1zse_0_3
9icg,
1z8v,
1huo,
1zs4,
1huz,
1hut,
1ysa,
1per,
3a6p,
3vea,
471d,
233d,
1g8v,
1xux,
1k3w,
1k3x,
1xuw,
4wwc,
3sn2, 3sn2_0_3
3k4x,
3td1,
3td0,
3cqs,
2db3,
3snp, 3snp_0_3
371d,
3snn,
3k49,
3cq8,
248d,
467d,
2dbe,
1nzg,
1ene,
1enn,
2xnz, 2xnz_0_7 2xnz_1_6 2xnz_2_7
5czz, 5czz_0_4 5czz_1_5
2xnr,
2xnw, 2xnw_0_7 2xnw_1_6 2xnw_2_7
2o49,
198d,
9bna,
5m3h, 5m3h_0_4
4qei, 4qei_0_9 4qei_1_7 4qei_2_7 4qei_3_9 4qei_4_7 4qei_5_7
4qen,
4qeo,
1en3,
1en8,
1en9,
2o4a,
2o4f,
1l3l,
2f5o,
2f5n,
3lwv, 3lwv_0_9
3lwp, 3lwp_0_9
3lwq, 3lwq_0_9
3lwr, 3lwr_0_9
3lwl,
3lwm,
3lwo, 3lwo_0_9
3lwh,
3lwi,
2f5s,
2f5q,
2f5p,
4r6m,
151d,
1saq,
1sax,
4r63,
4r64,
4r65,
4r66,
1fzp,
2ea0,
4rmo, 4rmo_0_10 4rmo_1_16 4rmo_2_10 4rmo_3_16
1sa3,
1sa9,
4l81, 4l81_0_4 4l81_1_7 4l81_2_4 4l81_3_4
1j9h,
2bam,
2au0,
4ix7,
4l8r, 4l8r_0_4
1vzk,
4l8h, 4l8h_0_3
4ou7,
1s6m, 1s6m_0_4
3mqy,
1ga5,
1b96,
1b97,
1b94,
1b95,
4hug,
3gnk,
3gna,
3gnb,
5fhl,
2uua, 2uua_0_9 2uua_1_5 2uua_2_6 2uua_3_4 2uua_4_3 2uua_5_7 2uua_6_4 2uua_7_12 2uua_8_4 2uua_9_4 2uua_10_4 2uua_11_5 2uua_12_16 2uua_13_4 2uua_14_5 2uua_15_8 2uua_16_4 2uua_17_9 2uua_18_3 2uua_19_4 2uua_20_4 2uua_21_8 2uua_22_4 2uua_23_4 2uua_24_4 2uua_25_6 2uua_26_5 2uua_27_4 2uua_28_4 2uua_29_8 2uua_30_10 2uua_31_4 2uua_32_4
5fhe,
5fhd,
3m7n,
2uub, 2uub_0_9 2uub_1_5 2uub_2_4 2uub_3_4 2uub_4_3 2uub_5_7 2uub_6_4 2uub_7_12 2uub_8_4 2uub_9_4 2uub_10_4 2uub_11_5 2uub_12_16 2uub_13_4 2uub_14_5 2uub_15_8 2uub_16_4 2uub_17_9 2uub_18_3 2uub_19_4 2uub_20_4 2uub_21_8 2uub_22_4 2uub_23_4 2uub_24_4 2uub_25_6 2uub_26_5 2uub_27_4 2uub_28_4 2uub_29_8 2uub_30_10 2uub_31_4 2uub_32_4
3m7k,
3va0,
1uhx,
3va3,
5hr4,
5hr7, 5hr7_0_9 5hr7_1_7 5hr7_2_7
5hr6, 5hr6_0_9 5hr6_1_7 5hr6_2_7
5hr9,
1gax, 1gax_0_7 1gax_1_7 1gax_2_7
4bna,
4bnc,
5hrb,
5hre,
5hrd,
3vaf,
3vag,
3vah,
3vai,
3vaj,
3vak,
3val,
3vam,
5hro, 5hro_0_3
1ttu,
1ttt, 1ttt_0_9 1ttt_1_7
5hru, 5hru_0_7 5hru_1_5 5hru_2_7 5hru_3_5
5hrt, 5hrt_0_3
5d5l, 5d5l_0_4 5d5l_1_14 5d5l_2_4
4z5t,
3qqy,
1jgg,
5d5x,
4z5c,
5amr,
4z5d,
2pkv,
4dpv,
5d5u,
5d5v,
5d5w,
2i82,
1rfi,
2w9b,
4z58,
2w9a,
1rff,
3b0u,
2qeg,
2p6r,
2ih2,
317d,
2ih5,
2ih4,
1q9y,
1q9x,
1y95,
1y99,
5jev,
3s4p,
4fj8,
4fj9,
3cjz,
1io4,
2j6t,
5ebi,
1q9a, 1q9a_0_4
2qek,
2qkb,
3fd2,
5gsk,
4fj7,
5wtk, 5wtk_0_9
3khg,
2ihn,
2ihm,
5wty,
292d,
4znp, 4znp_0_4 4znp_1_9
4fji,
4fjj,
4fjk,
4fjl,
4fjm,
4fjn,
2qk9,
3fde,
4fjg,
4fjx,
1qln,
1y9f,
4tu7,
3fdq,
4pdg,
4pdb, 4pdb_0_4
4pdi,
5u31, 5u31_0_2 5u31_1_5
5u30, 5u30_0_2 5u30_1_5
4pdq,
2z6q,
1tk8,
2z6u,
5ei9,
2orf,
1zqp,
1tk5,
1tk0,
2z6a,
1zqn,
1zqf,
5u3g, 5u3g_0_4 5u3g_1_4 5u3g_2_7
1p3k,
116d,
4pd2,
1hwt,
4rge, 4rge_0_8 4rge_1_16
4cej,
3bx3,
3bx2,
1tkd,
5eim,
2or1,
1pgl,
1yqm,
1yql,
4f02,
3jx7,
1pgz,
1yqr,
2gb7,
4ew4,
4mgt,
2gb9,
4mgw,
473d,
231d,
3udg,
3jxc,
3jxb,
3pvi,
3pvp,
3jxr,
3jxq,
3jxz,
3jxy,
4mg2,
4p1d,
4noe,
4nod,
1a74,
1a73,
465d,
3slp,
3slq, 3slq_0_7 3slq_1_6 3slq_2_4
3d2s,
377d,
3slm, 3slm_0_7 3slm_1_6 3slm_2_4
1bd1,
1ytf,
1ipp,
5cdp,
5cdq,
5cdr,
3ey3,
3ey2,
3ey1,
3ey0,
5cdb,
5cdm,
5cdn,
2xlj, 2xlj_0_5
2xlk, 2xlk_0_5
2xli,
4gg4,
2jlx,
4auw,
4hyk,
4qcl,
4owx,
4py5,
2h1m,
3eyi,
2h1k,
2jlt, 2jlt_0_8 2jlt_1_6
1cyq,
2jlu,
3eyz,
2jlv,
7icq,
7icp,
7ics,
2jlw,
7ict,
7icv,
7ice,
7icg,
7ici,
7ich,
7ick,
7icm,
7icn,
3os1,
3os0,
5kt4,
5kt5,
402d,
5kt2,
3cgr,
1dvl,
4r4d,
4r4e,
4r4a,
3tra, 3tra_0_10 3tra_1_7 3tra_2_7
157d,
128d,
4r48,
4r49,
4r47,
4r44,
4r45,
3osg,
3osf,
4rcm,
2x1f,
2x1a,
4rcj,
5ktj, 5ktj_0_6 5ktj_1_22 5ktj_2_7
3osn,
2ec0,
3uyh,
1fxl,
1sc7,
2bcy,
2bcz,
2bcq,
2bcs,
2bcr,
2bcu,
2bcv,
2awe,
1g6d,
5jrc,
5jre,
2vbj,
2vbn,
2vbo,
2vbl,
2ere,
4afy,
4zsf,
1tv9,
1unj,
1unm,
4kpy,
2ygh, 2ygh_0_5 2ygh_1_4 2ygh_2_4 2ygh_3_5 2ygh_4_4 2ygh_5_4
1tva,
352d,
3qsf,
3qsc,
4lox,
3qsu,
3qsv,
1lei,
2pis,
1vtd,
269d,
1vtg,
1lex,
1ley,
2pi5,
2pi4,
2pi0,
4x1a,
4ejt,
1le8,
1le9,
3glp,
1le5,
369d,
4ejy,
5t7b,
4c8k,
4c8o,
4c8n,
4c8m,
4c8l,
1y73,
4c8z,
4c8y,
3ibk,
4f5o,
2j0s,
1imh,
4zlr,
1y7f,
4zld, 4zld_0_3
1ims,
1imr,
3hdd,
5ho4,
4par,
3v9w,
5ity,
1bg1,
2opf,
4df4,
4o5c,
114d,
4ut0,
4k8z,
4k8x,
1hys,
5ego,
1bgb,
5egb,
3rzg,
3rzl,
3rzo,
3rzh,
3rzk,
3pt6,
1k79,
1k78,
4qcb,
3x1s,
1yo5,
3x1v,
1xyi,
3ufd,
3ufj,
3ptx,
4p3s,
4p3u,
4p3t,
2uyc,
2uyh,
4m2z, 4m2z_0_4 4m2z_1_4
3x1l,
4euw,
4gz2,
428d,
1k7a,
8icp,
3k0s,
3sj2,
1ana,
4nmg, 4nmg_0_4
8icx,
4nm6,
4nm1,
2dnj,
463d,
2dnd,
3sjj,
3sjm,
1an4,
2bx2,
375d,
1an2,
5mht,
1a0a,
2xbm,
4jqd,
1nfk,
1eri,
3kmq,
2h7f,
3kms,
2h7h,
3kmd,
1gxp,
5hod,
2oih, 2oih_0_8 2oih_1_15 2oih_2_10
2ees, 2ees_0_7 2ees_1_6 2ees_2_7
2eet, 2eet_0_7 2eet_1_6 2eet_2_7
2eeu, 2eeu_0_7 2eeu_1_6 2eeu_2_7
2eev, 2eev_0_7 2eev_1_6 2eev_2_7
2eew, 2eew_0_7 2eew_1_6 2eew_2_7
4o3r,
4o3s,
4o3p,
4o3q,
4o3n,
4o3o,
1dpl,
1mms, 1mms_0_9 1mms_1_6
1p1y,
303d,
1ser, 1ser_0_11 1ser_1_7
1seu,
1dp7,
3oqm,
3oqo,
3oqg,
2hos,
2hot,
2hoj, 2hoj_0_6
2hoi,
2hoo, 2hoo_0_6
2hom, 2hom_0_6
2hol, 2hol_0_6
2hof,
5gjb,
4zq9,
2o8b,
2aq4,
2ho6, 2ho6_0_12 2ho6_1_20 2ho6_2_7 2ho6_3_4
4ofh,
4ofa,
4ofe,
4ys3,
4ys5,
3lsp,
1jj6,
3lsr,
1jj4,
5itr,
1jj2, 1jj2_0_8 1jj2_1_21 1jj2_2_7 1jj2_3_3 1jj2_4_5 1jj2_5_6 1jj2_6_5 1jj2_7_5 1jj2_8_4 1jj2_9_6 1jj2_10_3 1jj2_11_7 1jj2_12_8 1jj2_13_7 1jj2_14_4 1jj2_15_5 1jj2_16_4 1jj2_17_8 1jj2_18_5 1jj2_19_4 1jj2_20_4 1jj2_21_4 1jj2_22_8 1jj2_23_5 1jj2_24_4 1jj2_25_5 1jj2_26_6 1jj2_27_9 1jj2_28_6 1jj2_29_7 1jj2_30_4 1jj2_31_7 1jj2_32_5 1jj2_33_5 1jj2_34_8 1jj2_35_5 1jj2_36_4 1jj2_37_3 1jj2_38_6 1jj2_39_7 1jj2_40_4 1jj2_41_5 1jj2_42_3 1jj2_43_9 1jj2_44_4 1jj2_45_6 1jj2_46_7 1jj2_47_13 1jj2_48_8 1jj2_49_4 1jj2_50_7 1jj2_51_20 1jj2_52_11 1jj2_53_6 1jj2_54_9 1jj2_55_4 1jj2_56_7 1jj2_57_7 1jj2_58_6 1jj2_59_5 1jj2_60_4 1jj2_61_4 1jj2_62_4 1jj2_63_13 1jj2_64_7 1jj2_65_4 1jj2_66_5 1jj2_67_4
5itx,
1jj8,
3g9m,
3g9o,
3g9i,
1h3e, 1h3e_0_7 1h3e_1_7 1h3e_2_7 1h3e_3_7
3g9c, 3g9c_0_10 3g9c_1_11 3g9c_2_19 3g9c_3_7 3g9c_4_4
6mht,
1g00,
3g9y,
2oks,
3g9p,
1mow,
1g2j,
4itd,
2hmi,
4itq,
4kr6, 4kr6_0_4 4kr6_1_4
1h38,
2asl,
3rae,
2asj,
3raq,
4oau,
3rax,
4oav,
4dtp,
4dtr,
4dts,
4dtu,
4dtx,
5d9i,
2nq9,
4dtj,
4dtm,
4dtn,
4dto,
3ra4,
3ra0,
3ra9,
5f7q,
2po1,
3w99,
5d99, 5d99_0_4
3b4c, 3b4c_0_12 3b4c_1_20 3b4c_2_8 3b4c_3_4
3b4b, 3b4b_0_12 3b4b_1_20 3b4b_2_7 3b4b_3_4
3b4a, 3b4a_0_12 3b4a_1_20 3b4a_2_4
3w96,
2nqb,
1kq2,
1t8e,
1t8i,
5tb9,
5tb8,
1ca6,
1ca5,
1jux,
4f3t,
4ff4, 4ff4_0_3
3cfp,
4ff1, 4ff1_0_3
3cfr,
4ff3, 4ff3_0_3
2i91,
4f3o,
1juc,
1ik5,
1am9,
5tba,
5tbc,
5tbb,
5l9x,
1ikk,
2i9k,
2i9g,
2i9t,
1r2z,
1r2y,
2g3s,
1r2o,
5eea,
5eeu,
6msf, 6msf_0_3 6msf_1_3
5eew,
5eev,
2g32,
3szq,
1lat,
112d,
5eex,
1lau,
2y9h, 2y9h_0_4
5hdn,
477d,
4mky,
4m04,
5szt,
4mkw,
5dar, 5dar_0_9 5dar_1_6
2w9c,
4m0a,
2ex5,
5dac,
5dam,
4en5, 4en5_0_8 4en5_1_4
3n7q,
1ozj,
4nku,
2bzf,
1a31,
1a36,
1a35,
1a34,
4ynq,
2dlj,
2dlc, 2dlc_0_7 2dlc_1_7
3n78,
461d,
2g8f,
1a3q,
4jah,
5emq,
4yn6,
4yn4,
1nvn,
3kk3,
3kk2,
3kk1,
3mut, 3mut_0_4 3mut_1_10
3mur, 3mur_0_4 3mur_1_10
4pkd, 4pkd_0_10 4pkd_1_10
3mum, 3mum_0_4 3mum_1_10
1ndn,
4jwn,
4jwm,
5ex7,
2zh2, 2zh2_0_7
2zh3, 2zh3_0_7
4y91,
2zh4, 2zh4_0_7
4qoz, 4qoz_0_4
3mu6,
2zh7, 2zh7_0_7
2zzn, 2zzn_0_7 2zzn_1_7 2zzn_2_7
2zzm, 2zzm_0_13 2zzm_1_7 2zzm_2_4 2zzm_3_7
271d,
3eeo,
4huf,
4hue,
3ow2, 3ow2_0_8 3ow2_1_21 3ow2_2_7 3ow2_3_3 3ow2_4_5 3ow2_5_6 3ow2_6_5 3ow2_7_5 3ow2_8_4 3ow2_9_6 3ow2_10_3 3ow2_11_7 3ow2_12_8 3ow2_13_7 3ow2_14_4 3ow2_15_5 3ow2_16_4 3ow2_17_8 3ow2_18_5 3ow2_19_4 3ow2_20_4 3ow2_21_4 3ow2_22_8 3ow2_23_5 3ow2_24_4 3ow2_25_5 3ow2_26_6 3ow2_27_9 3ow2_28_6 3ow2_29_7 3ow2_30_4 3ow2_31_7 3ow2_32_5 3ow2_33_5 3ow2_34_8 3ow2_35_5 3ow2_36_4 3ow2_37_3 3ow2_38_6 3ow2_39_7 3ow2_40_4 3ow2_41_5 3ow2_42_3 3ow2_43_9 3ow2_44_4 3ow2_45_6 3ow2_46_7 3ow2_47_13 3ow2_48_8 3ow2_49_4 3ow2_50_7 3ow2_51_20 3ow2_52_11 3ow2_53_6 3ow2_54_9 3ow2_55_4 3ow2_56_7 3ow2_57_7 3ow2_58_6 3ow2_59_5 3ow2_60_4 3ow2_61_4 3ow2_62_4 3ow2_63_13 3ow2_64_7 3ow2_65_4 3ow2_66_5 3ow2_67_4
2ppb,
1ftd,
1sgs,
1p3i,
1p3o,
1p3l,
1p3m,
1p3b,
1p3a,
1p3f,
1p3g,
4dii,
4dih,
5kpy, 5kpy_0_7 5kpy_1_21 5kpy_2_7
1p3p,
4xus,
301d, 301d_0_4
5hrl,
3owz, 3owz_0_6 3owz_1_4
3oww, 3oww_0_6 3oww_1_4
3owi, 3owi_0_6 3owi_1_4
2p8d,
1p34,
1qv4,
8mht,
1vtu,
1vtt,
1vtw,
1vtv,
1vtq, 1vtq_0_10 1vtq_1_7 1vtq_2_7
1vtr,
4yqw,
1vty,
1vte,
4a75,
4a76,
1vtf,
1vta,
1vtc,
1vtb,
1vtl,
1vto,
1vtn,
1vti,
1vth,
1vtj,
2zha, 2zha_0_7
4abt,
418d,
1vt5,
1vt7,
1vt6,
4o5e,
1drg,
5bnh,
4o5k,
1vt9,
1vt8,
5bna,
1jh9,
3lqx, 3lqx_0_4
4o5w,
4o5x,
4o5y,
4o5z,
1drz, 1drz_0_8 1drz_1_15 1drz_2_10
5exh,
2gjb,
2oij,
2r2t,
2r2u,
2r2r,
2r2s,
4ir1,
2as5,
2oiu, 2oiu_0_4 2oiu_1_4 2oiu_2_4
4ir9,
2oiy,
390d,
3g6u,
4irc,
2asd,
1trr,
2asb,
4ird,
4irk,
1j3e,
4iri,
1g2e,
2r22,
5fb2,
2r20,
2r21,
1tra, 1tra_0_8 1tra_1_9 1tra_2_7
1m8v,
1m8w,
1mm8,
1m8x,
1m8y,
1tro,
1rh6,
1rh0,
3qws,
2fcy, 2fcy_0_9 2fcy_1_9
1ksp,
2fcz, 2fcz_0_9 2fcz_1_9
5f56,
5f55, 5f55_0_4
440d,
2fcc,
365d,
3rc8,
4u0y,
4enn,
4enm,
4enc, 4enc_0_8 4enc_1_4
4enb, 4enb_0_8 4enb_1_4
4ena, 4ena_0_8 4ena_1_4
252d,
5f5h, 5f5h_0_6
5f5f, 5f5f_0_6
2nsk,
3iff,
1qv8,
3ifi,
1y39, 1y39_0_9 1y39_1_6
5td5,
4c4w, 4c4w_0_10
3av2,
3av1,
4f1h,
3cdm,
5tdk,
5tdj,
3i1d,
1y3o, 1y3o_0_9 1y3o_1_9
1y3s, 1y3s_0_9 1y3s_1_9
1qvg, 1qvg_0_8 1qvg_1_21 1qvg_2_7 1qvg_3_3 1qvg_4_5 1qvg_5_6 1qvg_6_5 1qvg_7_5 1qvg_8_4 1qvg_9_6 1qvg_10_3 1qvg_11_7 1qvg_12_8 1qvg_13_7 1qvg_14_4 1qvg_15_5 1qvg_16_4 1qvg_17_8 1qvg_18_5 1qvg_19_4 1qvg_20_4 1qvg_21_4 1qvg_22_8 1qvg_23_5 1qvg_24_4 1qvg_25_5 1qvg_26_6 1qvg_27_9 1qvg_28_6 1qvg_29_7 1qvg_30_4 1qvg_31_7 1qvg_32_5 1qvg_33_5 1qvg_34_8 1qvg_35_5 1qvg_36_4 1qvg_37_3 1qvg_38_6 1qvg_39_7 1qvg_40_4 1qvg_41_5 1qvg_42_3 1qvg_43_9 1qvg_44_4 1qvg_45_6 1qvg_46_7 1qvg_47_13 1qvg_48_8 1qvg_49_4 1qvg_50_7 1qvg_51_20 1qvg_52_11 1qvg_53_6 1qvg_54_9 1qvg_55_4 1qvg_56_7 1qvg_57_7 1qvg_58_6 1qvg_59_5 1qvg_60_4 1qvg_61_4 1qvg_62_4 1qvg_63_13 1qvg_64_7 1qvg_65_4 1qvg_66_5 1qvg_67_4
4tv0, 4tv0_0_4
3avx,
3avy,
3avw,
3avt,
3avu,
3cd6, 3cd6_0_8 3cd6_1_21 3cd6_2_7 3cd6_3_3 3cd6_4_5 3cd6_5_6 3cd6_6_5 3cd6_7_5 3cd6_8_4 3cd6_9_6 3cd6_10_3 3cd6_11_7 3cd6_12_8 3cd6_13_7 3cd6_14_4 3cd6_15_5 3cd6_16_4 3cd6_17_8 3cd6_18_5 3cd6_19_4 3cd6_20_4 3cd6_21_4 3cd6_22_8 3cd6_23_5 3cd6_24_4 3cd6_25_5 3cd6_26_6 3cd6_27_9 3cd6_28_6 3cd6_29_7 3cd6_30_4 3cd6_31_7 3cd6_32_5 3cd6_33_5 3cd6_34_8 3cd6_35_5 3cd6_36_4 3cd6_37_3 3cd6_38_6 3cd6_39_7 3cd6_40_4 3cd6_41_5 3cd6_42_3 3cd6_43_9 3cd6_44_4 3cd6_45_6 3cd6_46_7 3cd6_47_13 3cd6_48_8 3cd6_49_4 3cd6_50_7 3cd6_51_20 3cd6_52_11 3cd6_53_6 3cd6_54_9 3cd6_55_4 3cd6_56_7 3cd6_57_7 3cd6_58_6 3cd6_59_5 3cd6_60_4 3cd6_61_4 3cd6_62_4 3cd6_63_13 3cd6_64_7 3cd6_65_4 3cd6_66_5 3cd6_67_4
4c40,
3r6r,
3fbd,
5msf, 5msf_0_4 5msf_1_4
1r0o,
1r0n,
3hhn, 3hhn_0_10 3hhn_1_3 3hhn_2_10 3hhn_3_6 3hhn_4_6 3hhn_5_10 3hhn_6_3 3hhn_7_10 3hhn_8_6 3hhn_9_6
1r0a,
145d,
110d,
2otj, 2otj_0_8 2otj_1_21 2otj_2_7 2otj_3_3 2otj_4_5 2otj_5_6 2otj_6_5 2otj_7_5 2otj_8_4 2otj_9_6 2otj_10_3 2otj_11_7 2otj_12_8 2otj_13_7 2otj_14_4 2otj_15_5 2otj_16_4 2otj_17_8 2otj_18_5 2otj_19_4 2otj_20_4 2otj_21_4 2otj_22_8 2otj_23_5 2otj_24_4 2otj_25_5 2otj_26_6 2otj_27_9 2otj_28_6 2otj_29_7 2otj_30_4 2otj_31_7 2otj_32_5 2otj_33_5 2otj_34_8 2otj_35_5 2otj_36_4 2otj_37_3 2otj_38_6 2otj_39_7 2otj_40_4 2otj_41_5 2otj_42_3 2otj_43_9 2otj_44_4 2otj_45_6 2otj_46_7 2otj_47_13 2otj_48_8 2otj_49_4 2otj_50_7 2otj_51_20 2otj_52_11 2otj_53_6 2otj_54_9 2otj_55_4 2otj_56_7 2otj_57_7 2otj_58_6 2otj_59_5 2otj_60_4 2otj_61_4 2otj_62_4 2otj_63_13 2otj_64_7 2otj_65_4 2otj_66_5 2otj_67_4
2otl, 2otl_0_8 2otl_1_21 2otl_2_7 2otl_3_3 2otl_4_5 2otl_5_6 2otl_6_5 2otl_7_5 2otl_8_4 2otl_9_6 2otl_10_3 2otl_11_7 2otl_12_8 2otl_13_7 2otl_14_4 2otl_15_5 2otl_16_4 2otl_17_8 2otl_18_5 2otl_19_4 2otl_20_4 2otl_21_4 2otl_22_8 2otl_23_5 2otl_24_4 2otl_25_5 2otl_26_6 2otl_27_9 2otl_28_6 2otl_29_7 2otl_30_4 2otl_31_7 2otl_32_5 2otl_33_5 2otl_34_8 2otl_35_5 2otl_36_4 2otl_37_3 2otl_38_6 2otl_39_7 2otl_40_4 2otl_41_5 2otl_42_3 2otl_43_9 2otl_44_4 2otl_45_6 2otl_46_7 2otl_47_13 2otl_48_8 2otl_49_4 2otl_50_7 2otl_51_20 2otl_52_11 2otl_53_6 2otl_54_9 2otl_55_4 2otl_56_7 2otl_57_7 2otl_58_6 2otl_59_5 2otl_60_4 2otl_61_4 2otl_62_4 2otl_63_13 2otl_64_7 2otl_65_4 2otl_66_5 2otl_67_4
289d,
3ktq,
3ktu,
3uk3,
4cch,
479d,
2ezv,
3ubt,
2gdi, 2gdi_0_5 2gdi_1_6
4fs1,
4m6d, 4m6d_0_4 4m6d_1_3
2ez6, 2ez6_0_4 2ez6_1_4
1orp,
6cro,
1d46,
1d45,
1d44,
1d43,
1d41,
1d40,
1d49,
1d48,
4nii,
4ihy,
3n1j,
1odg,
3n1l,
4n2q,
4nia,
2bte, 2bte_0_11 2bte_1_4 2bte_2_7
1ram,
1odh,
4nid,
4nig,
1vol,
5fk6, 5fk6_0_5 5fk6_1_4 5fk6_2_4 5fk6_3_5 5fk6_4_4 5fk6_5_4
5fk1, 5fk1_0_5 5fk1_1_4 5fk1_2_4
4ni9, 4ni9_0_4 4ni9_1_4
5id6, 5id6_0_5
1d4r,
1a1v,
4ni7,
1a1g,
1a1f,
1a1i,
1a1h,
1a1k,
1a1j,
1a1l,
2g1p,
4g3i,
1evp,
3uke,
1gt0,
4qm7,
1evv, 1evv_0_8 1evv_1_9 1evv_2_7
5c5j,
5c5w,
346d,
2rfk,
2ssp,
3egz, 3egz_0_11 3egz_1_11 3egz_2_11 3egz_3_11
1gtw,
1nb7,
1gtr, 1gtr_0_9 1gtr_1_7 1gtr_2_7
1gts, 1gts_0_9 1gts_1_7 1gts_2_7
1gtn,
1gtf,
277d,
3spz,
3k61,
159d,
307d,
3q0r,
3q0l,
4xww,
5axf,
5axe,
5krg,
4rec,
5axn, 5axn_0_8 5axn_1_7 5axn_2_8 5axn_3_7
5axm, 5axm_0_8 5axm_1_7 5axm_2_7 5axm_3_8 5axm_4_7 5axm_5_7
4xwf, 4xwf_0_4 4xwf_1_9
5axw, 5axw_0_4 5axw_1_5
4dkz, 4dkz_0_4 4dkz_1_4
3ouy, 3ouy_0_7 3ouy_1_7
4q43,
1p51,
4xw7, 4xw7_0_4 4xw7_1_9
1p54,
4xw0,
1p59,
1si3,
1si2,
1kh6, 1kh6_0_4
4dk9,
4juz,
5cbz,
173d,
5cbx,
5cby,
4ed1,
3nyp,
1vrr,
5jlx,
1jnm,
5jlw,
2csx, 2csx_0_9 2csx_1_7 2csx_2_7
2vhg, 2vhg_0_4 2vhg_1_4
1vro,
1vrl,
3fyl,
3ts0, 3ts0_0_7 3ts0_1_7
3loa,
3akz, 3akz_0_7 3akz_1_7 3akz_2_7
2wna,
3hsb,
2hc7,
3hs1,
392d,
3vyx,
3vyy,
4q5v,
3vyq,
3vyb,
1j1v,
1j1u, 1j1u_0_9 1j1u_1_7 1j1u_2_7 1j1u_3_9 1j1u_4_7 1j1u_5_7
3reh,
3rei,
3rej,
3rek,
3rel,
1c0a, 1c0a_0_9 1c0a_1_7 1c0a_2_7
358d,
3rer,
1kuq, 1kuq_0_4 1kuq_1_4
2gwa,
442d,
1rnb,
3qi5,
4u6k,
4u6m,
4u6l,
4u6p,
4elu,
4elt,
4elv,
1lc4,
5a0v,
5a0w,
5a0t,
2nug,
2nuf, 2nuf_0_4 2nuf_1_4
2nue, 2nue_0_4
254d,
3gfi,
3cbb,
1awc,
5tf6, 5tf6_0_5
5hn2,
5bzu,
2gwq,
3r86,
4nrw,
1ig9,
1ig7,
4pgx,
3i3m,
1qtq, 1qtq_0_9 1qtq_1_7 1qtq_2_7
4ato, 4ato_0_8 4ato_1_9 4ato_2_8 4ato_3_9 4ato_4_8 4ato_5_9
4c64,
4fbt,
4fbu,
4c63,
4ati,
4wb3,
4wb2,
1cez,
4atk,
2i5w,
2i5s,
1ign,
2i5a,
4uno,
4unc,
4unb,
4una,
4plb,
4un9,
1r68,
5eao, 5eao_0_4 5eao_1_6
5ean,
4un3, 4un3_0_4 4un3_1_2 4un3_2_4
4un7,
2hbn,
4un5, 4un5_0_4 4un5_1_2 4un5_2_4
4un4, 4un4_0_4 4un4_1_2 4un4_2_4
4m41,
4m42,
4p97,
4p95, 4p95_0_7 4p95_1_51 4p95_2_6 4p95_3_4 4p95_4_4
1f8v,
5de5, 5de5_0_20
4j39,
4p9r, 4p9r_0_7 4p9r_1_51 4p9r_2_6 4p9r_3_4 4p9r_4_4
422d,
5der,
3jpt,
5det,
3jpr,
3jpq,
3jpp,
3jpo,
3jpn,
3uln,
5dek,
3uld,
5dea, 5dea_0_20
1n8r, 1n8r_0_8 1n8r_1_21 1n8r_2_7 1n8r_3_3 1n8r_4_5 1n8r_5_6 1n8r_6_5 1n8r_7_5 1n8r_8_4 1n8r_9_6 1n8r_10_3 1n8r_11_7 1n8r_12_8 1n8r_13_7 1n8r_14_4 1n8r_15_5 1n8r_16_4 1n8r_17_8 1n8r_18_5 1n8r_19_4 1n8r_20_4 1n8r_21_4 1n8r_22_8 1n8r_23_5 1n8r_24_4 1n8r_25_5 1n8r_26_6 1n8r_27_9 1n8r_28_6 1n8r_29_7 1n8r_30_4 1n8r_31_7 1n8r_32_5 1n8r_33_5 1n8r_34_8 1n8r_35_5 1n8r_36_4 1n8r_37_3 1n8r_38_6 1n8r_39_7 1n8r_40_4 1n8r_41_5 1n8r_42_3 1n8r_43_9 1n8r_44_4 1n8r_45_6 1n8r_46_7 1n8r_47_13 1n8r_48_8 1n8r_49_4 1n8r_50_7 1n8r_51_20 1n8r_52_11 1n8r_53_6 1n8r_54_9 1n8r_55_4 1n8r_56_7 1n8r_57_7 1n8r_58_6 1n8r_59_5 1n8r_60_4 1n8r_61_4 1n8r_62_4 1n8r_63_13 1n8r_64_7 1n8r_65_4 1n8r_66_5 1n8r_67_4
4m4o, 4m4o_0_4 4m4o_1_3
4iqs,
4oq8,
4oq9,
1d65,
1d64,
1ofx,
1d66,
1d61,
1d60,
1d63,
1d62,
4y1j, 4y1j_0_4 4y1j_1_4 4y1j_2_4 4y1j_3_4 4y1j_4_4 4y1j_5_4
3zpl,
3ndb, 3ndb_0_4 3ndb_1_4
3ndk,
3ndh,
1yi2, 1yi2_0_8 1yi2_1_21 1yi2_2_7 1yi2_3_3 1yi2_4_5 1yi2_5_6 1yi2_6_5 1yi2_7_5 1yi2_8_4 1yi2_9_6 1yi2_10_3 1yi2_11_7 1yi2_12_8 1yi2_13_7 1yi2_14_4 1yi2_15_5 1yi2_16_4 1yi2_17_8 1yi2_18_5 1yi2_19_4 1yi2_20_4 1yi2_21_4 1yi2_22_8 1yi2_23_5 1yi2_24_4 1yi2_25_5 1yi2_26_6 1yi2_27_9 1yi2_28_6 1yi2_29_7 1yi2_30_4 1yi2_31_7 1yi2_32_5 1yi2_33_5 1yi2_34_8 1yi2_35_5 1yi2_36_4 1yi2_37_3 1yi2_38_6 1yi2_39_7 1yi2_40_4 1yi2_41_5 1yi2_42_3 1yi2_43_9 1yi2_44_4 1yi2_45_6 1yi2_46_7 1yi2_47_13 1yi2_48_8 1yi2_49_4 1yi2_50_7 1yi2_51_20 1yi2_52_11 1yi2_53_6 1yi2_54_9 1yi2_55_4 1yi2_56_7 1yi2_57_7 1yi2_58_6 1yi2_59_5 1yi2_60_4 1yi2_61_4 1yi2_62_4 1yi2_63_13 1yi2_64_7 1yi2_65_4 1yi2_66_5 1yi2_67_4
5cky,
3uby,
1yij, 1yij_0_8 1yij_1_21 1yij_2_7 1yij_3_3 1yij_4_5 1yij_5_6 1yij_6_5 1yij_7_5 1yij_8_4 1yij_9_6 1yij_10_3 1yij_11_7 1yij_12_8 1yij_13_7 1yij_14_4 1yij_15_5 1yij_16_4 1yij_17_8 1yij_18_5 1yij_19_4 1yij_20_4 1yij_21_4 1yij_22_8 1yij_23_5 1yij_24_4 1yij_25_5 1yij_26_6 1yij_27_9 1yij_28_6 1yij_29_7 1yij_30_4 1yij_31_7 1yij_32_5 1yij_33_5 1yij_34_8 1yij_35_5 1yij_36_4 1yij_37_3 1yij_38_6 1yij_39_7 1yij_40_4 1yij_41_5 1yij_42_3 1yij_43_9 1yij_44_4 1yij_45_6 1yij_46_7 1yij_47_13 1yij_48_8 1yij_49_4 1yij_50_7 1yij_51_20 1yij_52_11 1yij_53_6 1yij_54_9 1yij_55_4 1yij_56_7 1yij_57_7 1yij_58_6 1yij_59_5 1yij_60_4 1yij_61_4 1yij_62_4 1yij_63_13 1yij_64_7 1yij_65_4 1yij_66_5 1yij_67_4
3sd8,
3nd4,
3nd3,
1yit, 1yit_0_8 1yit_1_21 1yit_2_7 1yit_3_3 1yit_4_5 1yit_5_6 1yit_6_5 1yit_7_5 1yit_8_4 1yit_9_6 1yit_10_3 1yit_11_7 1yit_12_8 1yit_13_7 1yit_14_4 1yit_15_5 1yit_16_4 1yit_17_8 1yit_18_5 1yit_19_4 1yit_20_4 1yit_21_4 1yit_22_8 1yit_23_5 1yit_24_4 1yit_25_5 1yit_26_6 1yit_27_9 1yit_28_6 1yit_29_7 1yit_30_4 1yit_31_7 1yit_32_5 1yit_33_5 1yit_34_8 1yit_35_5 1yit_36_4 1yit_37_3 1yit_38_6 1yit_39_7 1yit_40_4 1yit_41_5 1yit_42_3 1yit_43_9 1yit_44_4 1yit_45_6 1yit_46_7 1yit_47_13 1yit_48_8 1yit_49_4 1yit_50_7 1yit_51_20 1yit_52_11 1yit_53_6 1yit_54_9 1yit_55_4 1yit_56_7 1yit_57_7 1yit_58_6 1yit_59_5 1yit_60_4 1yit_61_4 1yit_62_4 1yit_63_13 1yit_64_7 1yit_65_4 1yit_66_5 1yit_67_4
5bws,
3sd3, 3sd3_0_11 3sd3_1_4
3zp5,
4hqb,
275d,
1uut, 1uut_0_3
4hqe,
4hqi,
4hqh,
3e44,
3e45,
3e40,
3e41,
4hqu, 4hqu_0_4 4hqu_1_7 4hqu_2_4 4hqu_3_7
3e43,
344d,
5j29,
2q66,
5j2c,
5j2b,
5j2a,
5j2g,
5j2f,
5j2e,
5j2d,
5j2k,
5j2j,
5hab,
5j2h,
5j2n,
5j2m,
5j2q,
5j2p,
5haw,
1skm,
305d,
1skn,
1skw,
1sks,
1skr,
4yph,
4xqz,
1et4, 1et4_0_10 1et4_1_6
5cl8,
3mq6,
1p7h,
5cl4,
4xqj,
1p7d, 1p7d_0_3
5cl7,
4xqn,
2xd0, 2xd0_0_8 2xd0_1_11
5cl3,
1sk5,
5kl4,
5kl5,
5kl6,
5kl7,
3u4q,
1p78,
1p79,
5cld,
5cle,
4xq8,
2xdb, 2xdb_0_8 2xdb_1_11
5cla,
5clb,
1p71,
2e43,
2e42,
3u4m, 3u4m_0_4
5clv,
4dm0,
131d,
2vjv, 2vjv_0_5 2vjv_1_5
5jjv,
1vpw,
2vju, 2vju_0_4 2vju_1_4
5jji,
3am1, 3am1_0_4 3am1_1_4 3am1_2_4 3am1_3_7 3am1_4_4 3am1_5_4 3am1_6_4 3am1_7_7
4d26,
4d25,
3q3d,
1d11,
3q3z, 3q3z_0_14 3q3z_1_19
4nih,
3n1k,
3amt, 3amt_0_10 3amt_1_9 3amt_2_7
3hqf,
3hqg,
3hqe,
5ffj,
4bdz,
1j75,
3g3y,
4bdy,
5kbd,
4bdp,
405d,
1h9d,
1s47,
394d,
1ma7,
1j7t,
2hap,
3oor,
1ma8,
4g4r,
2han,
1x9m,
1x9n,
444d,
3w3c,
3adb, 3adb_0_4 3adb_1_7 3adb_2_4 3adb_3_7 3adb_4_4 3adb_5_7 3adb_6_4 3adb_7_7
1x9c,
2fgp,
3adc, 3adc_0_4 3adc_1_4 3adc_2_7 3adc_3_4 3adc_4_7 3adc_5_4 3adc_6_7
4ltl,
1x9w,
4u47,
1x9s,
3rg5, 3rg5_0_4 3rg5_1_7 3rg5_2_4 3rg5_3_7
3qk4,
1rlg, 1rlg_0_4
361d, 361d_0_4
1xbr,
3gdx,
4ebe,
4ebd,
4ebc,
256d,
3gda,
3ijk,
3ijn,
5th3,
2du4, 2du4_0_9 2du4_1_7 2du4_2_7 2du4_3_9 2du4_4_7 2du4_5_7
4lj0,
3i56, 3i56_0_8 3i56_1_21 3i56_2_7 3i56_3_3 3i56_4_5 3i56_5_6 3i56_6_5 3i56_7_5 3i56_8_4 3i56_9_6 3i56_10_3 3i56_11_7 3i56_12_8 3i56_13_7 3i56_14_4 3i56_15_5 3i56_16_4 3i56_17_8 3i56_18_5 3i56_19_4 3i56_20_4 3i56_21_4 3i56_22_8 3i56_23_5 3i56_24_4 3i56_25_5 3i56_26_6 3i56_27_9 3i56_28_6 3i56_29_7 3i56_30_4 3i56_31_7 3i56_32_5 3i56_33_5 3i56_34_8 3i56_35_5 3i56_36_4 3i56_37_3 3i56_38_6 3i56_39_7 3i56_40_4 3i56_41_5 3i56_42_3 3i56_43_9 3i56_44_4 3i56_45_6 3i56_46_7 3i56_47_13 3i56_48_8 3i56_49_4 3i56_50_7 3i56_51_20 3i56_52_11 3i56_53_6 3i56_54_9 3i56_55_4 3i56_56_7 3i56_57_7 3i56_58_6 3i56_59_5 3i56_60_4 3i56_61_4 3i56_62_4 3i56_63_13 3i56_64_7 3i56_65_4 3i56_66_5 3i56_67_4
2du3, 2du3_0_9 2du3_1_7 2du3_2_7 2du3_3_9 2du3_4_7 2du3_5_7
2ibs,
2ibt,
2ibk,
2qnf,
1cgc,
3i5l,
1qrs, 1qrs_0_9 1qrs_1_7 1qrs_2_7
1qrt, 1qrt_0_9 1qrt_1_7 1qrt_2_7
1qru, 1qru_0_9 1qru_1_7 1qru_2_7
3i5e,
1qrh,
1cgp,
3i5y,
3i5x,
4ljr,
1au7,
3bbm,
3bbi,
3bbk,
4s0h,
4s0n,
1hap,
3hl2, 3hl2_0_4 3hl2_1_4 3hl2_2_7
2b8r, 2b8r_0_9 2b8r_1_9
2b8s, 2b8s_0_9 2b8s_1_9
167d,
4j19,
4gcw, 4gcw_0_12 4gcw_1_7
4gct,
1f6o,
1f6j,
1f6i,
4gck,
1f6e,
1f6c,
3f23,
4gcl,
5dgb,
5dga,
3jrh,
4xnr, 4xnr_0_9 4xnr_1_6 4xnr_2_7
1u35,
4gc6,
4gc7,
1f69,
1f66,
420d,
4j1j,
4j1g,
1u3e,
1r4o,
3jr5,
5dg7,
1r4r,
5dg0,
3jr9,
5dg8,
5dg9,
1n3c,
1d02,
3l3c, 3l3c_0_11 3l3c_1_19 3l3c_2_7 3l3c_3_4
4yhx,
4lt5,
3thy,
3thx,
3sbj,
1de8,
1de9,
3thv,
4osz,
4osr,
4qm6,
4osq,
4osv,
4osw,
4ost,
3i2o,
4osj,
4osk,
4osh,
4osi,
4osl,
4osm,
1d0e,
5bua,
5bud,
1dew,
4fep, 4fep_0_7 4fep_1_6 4fep_2_7
5hlg,
4qio,
4qil, 4qil_0_3
3r9w,
4qik,
200d,
458d,
4hsb,
5hc9, 5hc9_0_8 5hc9_1_9 5hc9_2_7
3ecp,
1mzp, 1mzp_0_4
5hp1, 5hp1_0_3
342d,
3kz8,
3e6c,
2bpf,
1wqy,
5j0e,
5j0y,
5j0x,
5j0q,
5j0p,
5j0s,
5j0r,
4qi2, 4qi2_0_3
5j0t,
5hch,
2pzs,
3oye,
3oyd,
4doc,
3oyf,
3oya,
3oyc,
4xsn,
3oym,
3oyl,
3oyn,
3oyi,
3oyh,
3oyk,
3oyj,
1sm5,
1fn7,
3u6s,
3u6p,
3u6q,
2nll,
1nnj,
1fn1,
4do9,
5kn8,
3u6y,
3oy9,
4jyz, 4jyz_0_7 4jyz_1_7
3u6c,
2xzf,
3u6f,
3u6d,
3u6e,
5cnr,
5cnq,
3u6o,
3u6l,
3u6m,
2vla,
3q51,
3q50, 3q50_0_10 3q50_1_18
133d,
3lk9,
4a15,
4alp,
1jbt, 1jbt_0_4
1jbs, 1jbs_0_4
1jbr,
3fu2,
3q5c,
4zyd,
3q5f,
4zym,
4er8, 4er8_0_2
5jh0,
3q5p,
4al5, 4al5_0_5
4al7,
4al6,
1jb8,
1jb7,
1n35,
1tx3,
1br3, 1br3_0_6 1br3_1_6
4q10,
3hwt,
396d,
1j59,
2uwm, 2uwm_0_2 2uwm_1_2
407d,
4kze, 4kze_0_5
4kzd, 4kzd_0_5
1brn,
4rtm,
3mbs,
3hw8,
5fd3,
4ill, 4ill_0_5 4ill_1_5
3rtj,
2fio,
2fil,
2fij,
2fii,
2fih,
446d,
1rr8,
3qmi,
3qmh,
3qmc,
3qmb,
3qmg,
3qmd,
4dwi,
5ef0,
1rru,
1rrs,
1rrq,
3ri4,
1rrc,
363d,
1rrj,
4ig8,
1asz, 1asz_0_10 1asz_1_7 1asz_2_7 1asz_3_10 1asz_4_7 1asz_5_7
1asy, 1asy_0_10 1asy_1_7 1asy_2_7 1asy_3_10 1asy_4_7 1asy_5_7
2i13,
1ic8,
4c2u,
4wfl, 4wfl_0_11 4wfl_1_17 4wfl_2_11 4wfl_3_4
1qph,
1qpi,
1qps,
1qpz,
1qpy,
3il2,
1icg,
1ick,
2v4q,
2v4r,
5l1l,
5l1i,
5l1j,
5l1k,
1cit,
4lln,
4wc2, 4wc2_0_8 4wc2_1_7 4wc2_2_7
5dm6, 5dm6_0_8 5dm6_1_21 5dm6_2_9 5dm6_3_4 5dm6_4_4 5dm6_5_4 5dm6_6_6 5dm6_7_4 5dm6_8_5 5dm6_9_6 5dm6_10_3 5dm6_11_7 5dm6_12_7 5dm6_13_25 5dm6_14_6 5dm6_15_4 5dm6_16_4 5dm6_17_4 5dm6_18_8 5dm6_19_4 5dm6_20_4 5dm6_21_6 5dm6_22_6 5dm6_23_8 5dm6_24_5 5dm6_25_4 5dm6_26_6 5dm6_27_6 5dm6_28_9 5dm6_29_6 5dm6_30_3 5dm6_31_4 5dm6_32_7 5dm6_33_5 5dm6_34_4 5dm6_35_8 5dm6_36_9 5dm6_37_5 5dm6_38_4 5dm6_39_2 5dm6_40_6 5dm6_41_4 5dm6_42_4 5dm6_43_3 5dm6_44_3 5dm6_45_11 5dm6_46_5 5dm6_47_4 5dm6_48_7 5dm6_49_7 5dm6_50_13 5dm6_51_8 5dm6_52_8 5dm6_53_7 5dm6_54_7 5dm6_55_19 5dm6_56_11 5dm6_57_7 5dm6_58_6 5dm6_59_6 5dm6_60_4 5dm6_61_8 5dm6_62_7 5dm6_63_6 5dm6_64_5 5dm6_65_4 5dm6_66_4 5dm6_67_4 5dm6_68_13 5dm6_69_5 5dm6_70_7 5dm6_71_4 5dm6_72_5 5dm6_73_4
5dm7, 5dm7_0_8 5dm7_1_21 5dm7_2_9 5dm7_3_4 5dm7_4_4 5dm7_5_4 5dm7_6_6 5dm7_7_4 5dm7_8_5 5dm7_9_6 5dm7_10_3 5dm7_11_7 5dm7_12_9 5dm7_13_25 5dm7_14_6 5dm7_15_4 5dm7_16_4 5dm7_17_4 5dm7_18_8 5dm7_19_4 5dm7_20_4 5dm7_21_6 5dm7_22_6 5dm7_23_8 5dm7_24_5 5dm7_25_4 5dm7_26_8 5dm7_27_6 5dm7_28_9 5dm7_29_6 5dm7_30_3 5dm7_31_4 5dm7_32_7 5dm7_33_5 5dm7_34_4 5dm7_35_8 5dm7_36_9 5dm7_37_5 5dm7_38_4 5dm7_39_2 5dm7_40_6 5dm7_41_4 5dm7_42_4 5dm7_43_3 5dm7_44_3 5dm7_45_11 5dm7_46_5 5dm7_47_6 5dm7_48_7 5dm7_49_6 5dm7_50_7 5dm7_51_13 5dm7_52_8 5dm7_53_8 5dm7_54_8 5dm7_55_7 5dm7_56_19 5dm7_57_11 5dm7_58_7 5dm7_59_6 5dm7_60_6 5dm7_61_4 5dm7_62_8 5dm7_63_7 5dm7_64_6 5dm7_65_5 5dm7_66_4 5dm7_67_4 5dm7_68_4 5dm7_69_13 5dm7_70_5 5dm7_71_7 5dm7_72_4 5dm7_73_5 5dm7_74_4
1qp7,
1qp4,
1qp5,
1qp0,
1qp9,
4s2y,
4s2x,
9ich,
9ico,
4e8x,
9icm,
9icl,
4s2q,
1hc8, 1hc8_0_9 1hc8_1_6
283d,
4e8q, 4e8q_0_7 4e8q_1_13 4e8q_2_4 4e8q_3_5 4e8q_4_24 4e8q_5_8 4e8q_6_4 4e8q_7_8 4e8q_8_4 4e8q_9_4
9icf,
4h5q,
4h5p,
9icy,
4e8n, 4e8n_0_7 4e8n_1_13 4e8n_2_4 4e8n_3_5 4e8n_4_24 4e8n_5_8 4e8n_6_4 4e8n_7_8 4e8n_8_4 4e8n_9_4
9ics,
9icr,
9icq,
9icw,
9icv,
4h5a,
9ict,
339d,
1hcr,
1hcq,
2pvi,
1bmv,
2y1i,
2y1j,
4ktg,
2ykg,
4dkj,
165d,
5krb,
1mus,
3jtg,
4m8b,
3dvo,
4m8o,
3dvv,
1zm5, 1zm5_0_4
4ph5,
3pbx,
4ub5,
4ub4,
4ub3,
3dvz, 3dvz_0_4
4ub1,
426d,
4j7m,
4j7l,
1u1m,
4pha,
1u1o,
1zme,
4phd,
4phe,
1u1k,
4jbm,
4ubc,
4ubb,
4jbk,
4php,
1u1y, 1u1y_0_4 1u1y_1_4
5di4, 5di4_0_4 5di4_1_6
1u1q,
1u1p,
5di2, 5di2_0_4 5di2_1_6
1u1r,
5luw,
1d2i,
4yfu,
4yft,
5bs8,
1f44,
3tvb,
5bs3,
3l1p,
3l1q,
5luy,
1dgc,
1f4k,
4yf0,
1d21,
1o56,
1o55,
1d22,
1d24,
4ou6,
1f4r,
1d29,
1d28,
340d,
5e54, 5e54_0_9 5e54_1_4 5e54_2_7
5h8w,
206d,
279d,
4qwd,
4qwe,
4kaz,
4qwa,
4qwb,
4qwc,
2br0,
4rp0,
4xw1,
4oin,
3c2k,
2q2u,
2q2t,
5e5s,
224d,
4qw8,
4qw9,
4y1n, 4y1n_0_7 4y1n_1_13 4y1n_2_4 4y1n_3_8
4y1o, 4y1o_0_7 4y1o_1_13 4y1o_2_4 4y1o_3_5 4y1o_4_24 4y1o_5_8
4y1m, 4y1m_0_4 4y1m_1_4 4y1m_2_4
5e5a,
4y1i, 4y1i_0_4 4y1i_1_4 4y1i_2_4 4y1i_3_4 4y1i_4_4 4y1i_5_4 4y1i_6_4 4y1i_7_4 4y1i_8_4 4y1i_9_4 4y1i_10_4 4y1i_11_4
5e5o,
4ka4,
3em2,
2ady,
3u08,
3diz, 3diz_0_12 3diz_1_45 3diz_2_7 3diz_3_5 3diz_4_4
3dix, 3dix_0_12 3dix_1_45 3dix_2_7 3dix_3_5 3dix_4_4
3diy, 3diy_0_12 3diy_1_45 3diy_2_7 3diy_3_5 3diy_4_4
4dav,
2pxp, 2pxp_0_4
2pxq, 2pxq_0_4
1knz,
3u05,
4daq,
3diq, 3diq_0_12 3diq_1_45 3diq_2_7 3diq_3_5 3diq_4_4
3dio, 3dio_0_12 3dio_1_45 3dio_2_7 3dio_3_5 3dio_4_4
3dil, 3dil_0_12 3dil_1_45 3dil_2_7 3dil_3_5 3dil_4_4
3dim, 3dim_0_12 3dim_1_45 3dim_2_7 3dim_3_5 3dim_4_4
2pxl, 2pxl_0_4
2pxb, 2pxb_0_4
3dig, 3dig_0_12 3dig_1_45 3dig_2_7 3dig_3_5 3dig_4_4
2pxf, 2pxf_0_4
2pxd, 2pxd_0_4
2pxe, 2pxe_0_4
4z7k, 4z7k_0_10
1exj,
1nlw,
5chz,
4da4,
4da3,
3u0u,
1exd, 1exd_0_9 1exd_1_7 1exd_2_7
2nny,
4yb0, 4yb0_0_4 4yb0_1_3
4re7,
1nlc,
5chg,
5chi,
3iqn, 3iqn_0_5 3iqn_1_4 3iqn_2_4
4lq3,
3iqr, 3iqr_0_5 3iqr_1_4 3iqr_2_4
4lq0,
2vnu,
1dct,
4oi0,
1i7j,
4d6n,
4d6o,
3aaf,
4n41,
4n47,
3vw3,
4n48,
3vw4,
1mey,
398d,
4ij0,
1m07,
2oaa,
401d,
3vwb,
3g73,
5swe, 5swe_0_9 5swe_1_6 5swe_2_7
3g71, 3g71_0_8 3g71_1_21 3g71_2_7 3g71_3_3 3g71_4_5 3g71_5_6 3g71_6_5 3g71_7_5 3g71_8_4 3g71_9_6 3g71_10_3 3g71_11_7 3g71_12_8 3g71_13_7 3g71_14_4 3g71_15_5 3g71_16_4 3g71_17_8 3g71_18_5 3g71_19_4 3g71_20_4 3g71_21_4 3g71_22_8 3g71_23_5 3g71_24_4 3g71_25_5 3g71_26_6 3g71_27_9 3g71_28_6 3g71_29_7 3g71_30_4 3g71_31_7 3g71_32_5 3g71_33_5 3g71_34_8 3g71_35_5 3g71_36_4 3g71_37_3 3g71_38_6 3g71_39_7 3g71_40_4 3g71_41_5 3g71_42_3 3g71_43_9 3g71_44_4 3g71_45_6 3g71_46_7 3g71_47_13 3g71_48_8 3g71_49_4 3g71_50_7 3g71_51_20 3g71_52_11 3g71_53_6 3g71_54_9 3g71_55_4 3g71_56_7 3g71_57_7 3g71_58_6 3g71_59_5 3g71_60_4 3g71_61_4 3g71_62_4 3g71_63_13 3g71_64_7 3g71_65_4 3g71_66_5 3g71_67_4
1bpy,
1bpx,
1bpz,
3g78, 3g78_0_7 3g78_1_13 3g78_2_4 3g78_3_5 3g78_4_24 3g78_5_8 3g78_6_4 3g78_7_8 3g78_8_4 3g78_9_4
318d,
2oa8,
2heo,
1m0e,
1xf2,
3rkq,
2gq6,
2gq7,
2gq4,
2gq5,
3rkf, 3rkf_0_7 3rkf_1_6 3rkf_2_7
2fk6, 2fk6_0_8 2fk6_1_7 2fk6_2_8 2fk6_3_7
1rpz,
1rpu,
4efj,
1rpe,
2oyq,
4j9p,
2v6w,
2dqq,
2dqp,
1aq3, 1aq3_0_4 1aq3_1_4
4pcz,
1ckq,
1aq4, 1aq4_0_4 1aq4_1_4
4lnq,
4k9a,
247d,
4u8t,
2dqo,
2i3q,
281d,
3dir, 3dir_0_12 3dir_1_45 3dir_2_7 3dir_3_5 3dir_4_4
1zjn,
2g9c, 2g9c_0_7 2g9c_1_6 2g9c_2_7
118d,
337d,
4dqp,
2g92,
2g91,
4tna, 4tna_0_8 4tna_1_9 4tna_2_7
4hif,
321d,
4tnt,
2zo1,
2zo0,
3eil,
4g0f,
4g0a,
4jl3,
4g0w,
4g0v,
4g0u,
1u78,
4g0r,
4j5v,
5dkw,
3clc,
2gli,
1qn8,
424d,
1t2t,
1zci, 1zci_0_9 1zci_1_9
1r8e,
4j50,
1nwq,
4i2h,
1a9n, 1a9n_0_13
2jlg,
1da9,
3zvk,
1f27, 1f27_0_8
2jly,
2jlz,
3zvn,
1da0,
1da1,
1da2,
1da3,
2er8,
4yd1,
4yd2,
1pup,
5sup,
1puy,
1f2i,
3n1i,
1pue,
1puf,
1i9v, 1i9v_0_8 1i9v_1_7
1i9x,
3c46, 3c46_0_3
3c44,
3v9x,
1glu,
3v9z,
5e36,
4hot,
3v9s,
3v9u,
4hos,
4hor,
481d,
3v9d,
4qu6,
4qu7,
3e2e,
5e3h,
5e3o,
5e3n,
5e3m,
5e3l,
1fjx,
5cj7,
1fjl,
1fjg, 1fjg_0_9 1fjg_1_5 1fjg_2_4 1fjg_3_4 1fjg_4_3 1fjg_5_7 1fjg_6_4 1fjg_7_12 1fjg_8_4 1fjg_9_4 1fjg_10_4 1fjg_11_5 1fjg_12_16 1fjg_13_4 1fjg_14_5 1fjg_15_8 1fjg_16_4 1fjg_17_9 1fjg_18_3 1fjg_19_4 1fjg_20_4 1fjg_21_8 1fjg_22_4 1fjg_23_10 1fjg_24_4 1fjg_25_6 1fjg_26_5 1fjg_27_4 1fjg_28_4 1fjg_29_8 1fjg_30_10 1fjg_31_4 1fjg_32_4
3u2e,
3u2b,
3u2n,
1njw,
5cjy,
1njz,
1njy,
1njx,
3moj, 3moj_0_4 3moj_1_5
1nji, 1nji_0_8 1nji_1_21 1nji_2_7 1nji_3_3 1nji_4_5 1nji_5_6 1nji_6_5 1nji_7_5 1nji_8_4 1nji_9_6 1nji_10_3 1nji_11_7 1nji_12_8 1nji_13_7 1nji_14_4 1nji_15_5 1nji_16_4 1nji_17_8 1nji_18_5 1nji_19_4 1nji_20_4 1nji_21_4 1nji_22_8 1nji_23_5 1nji_24_4 1nji_25_5 1nji_26_6 1nji_27_9 1nji_28_6 1nji_29_7 1nji_30_4 1nji_31_7 1nji_32_5 1nji_33_5 1nji_34_8 1nji_35_5 1nji_36_4 1nji_37_3 1nji_38_6 1nji_39_7 1nji_40_4 1nji_41_5 1nji_42_3 1nji_43_9 1nji_44_4 1nji_45_6 1nji_46_7 1nji_47_13 1nji_48_8 1nji_49_4 1nji_50_7 1nji_51_20 1nji_52_11 1nji_53_6 1nji_54_9 1nji_55_4 1nji_56_7 1nji_57_7 1nji_58_6 1nji_59_5 1nji_60_4 1nji_61_4 1nji_62_4 1nji_63_13 1nji_64_7 1nji_65_4 1nji_66_5 1nji_67_4
2d7d,
3isd,
1jfi,
3isc,
3isb,
1jfs,
3fq5,
1jft,
2vpl, 2vpl_0_6
2cky, 2cky_0_4 2cky_1_6
4flv,
3fqb,
1d79,
4flx,
4fly,
4ah1,
4ah0,
403d,
1m69,
1bvo,
1m6f,
1m6g,
1tdz,
2og0,
1m6r,
4iht,
4ihw,
4ihv,
1m6x,
4ihx,
4n2s,
137d,
438d,
2fms,
2fmq,
2fmp,
1k82,
2fmt, 2fmt_0_9 2fmt_1_7 2fmt_2_7 2fmt_3_9 2fmt_4_7 2fmt_5_7
1rv5,
4ed8,
4mte,
4mtd,
2gw0,
4ed0,
4ed3,
4ed2,
4ed5,
4ed7,
1c8c,
1k8w, 1k8w_0_7
1k8p,
1xhz,
1xhv,
1xhu,
2gwe,
1k8g,
1k8a, 1k8a_0_8 1k8a_1_21 1k8a_2_7 1k8a_3_3 1k8a_4_5 1k8a_5_6 1k8a_6_5 1k8a_7_5 1k8a_8_4 1k8a_9_6 1k8a_10_3 1k8a_11_7 1k8a_12_8 1k8a_13_7 1k8a_14_4 1k8a_15_5 1k8a_16_4 1k8a_17_8 1k8a_18_5 1k8a_19_4 1k8a_20_4 1k8a_21_4 1k8a_22_8 1k8a_23_5 1k8a_24_4 1k8a_25_5 1k8a_26_6 1k8a_27_9 1k8a_28_6 1k8a_29_7 1k8a_30_4 1k8a_31_7 1k8a_32_5 1k8a_33_5 1k8a_34_8 1k8a_35_5 1k8a_36_4 1k8a_37_3 1k8a_38_6 1k8a_39_7 1k8a_40_4 1k8a_41_5 1k8a_42_3 1k8a_43_9 1k8a_44_4 1k8a_45_6 1k8a_46_7 1k8a_47_13 1k8a_48_8 1k8a_49_4 1k8a_50_7 1k8a_51_20 1k8a_52_11 1k8a_53_6 1k8a_54_9 1k8a_55_4 1k8a_56_7 1k8a_57_7 1k8a_58_6 1k8a_59_5 1k8a_60_4 1k8a_61_4 1k8a_62_4 1k8a_63_13 1k8a_64_7 1k8a_65_4 1k8a_66_5 1k8a_67_4
1rvc,
1rvb,
1rva,
2gws,
2fr4, 2fr4_0_4
3czw,
7bna,
1ph7,
1ph6,
1ph5,
1ph4,
1ph3,
1ph1,
1ph9,
1ph8,
4fzx,
4fzy,
4fzz,
1cma,
2bu1, 2bu1_0_4 2bu1_1_4
245d,
3rma,
3rmb,
3rmc,
3rmd,
1phj,
3rmp,
1kb2,
335d,
287d,
5eyb,
5eyo,
1w7a,
4f5r,
2zi0,
323d,
196d,
161d,
3et8,
1duh,
1ec6, 1ec6_0_12
4h10,
3uta,
3utb,
4jf2, 4jf2_0_4 4jf2_1_14 4jf2_2_4
3pf5,
3pf4,
1nuj,
1zaa,
3ut9,
4ptf,
1zay,
1nuv,
1ecr,
5cwr,
1rna,
3c2p, 3c2p_0_3
3trz, 3trz_0_7 3trz_1_7
1dc0,
1dc1,
1ya6,
2et3,
2et0,
2et5,
2et4,
3c2i,
3c2j,
2et8,
3c2l,
3c2m,
3a5u,
4yb1, 4yb1_0_4 4yb1_1_10
382d,
367d,
1dcv,
1dcw,
1ve8,
1dcr,
4oi1,
1f0o,
3c28,
3c29,
1i7d,
3nl0,
5swm,
1dcg,
2etw,
1pwf,
4as1, 4as1_0_11 4as1_1_4 4as1_2_7
1f0v,
5mfx,
4hiv,
4hik,
4hio,
4him,
4kmf,
452d,
4hig,
483d, 483d_0_4
4hid,
5ev4,
5hix,
1ku7,
3ei2,
3ei1,
2bnw,
2bnz,
2bny, 2bny_0_4 2bny_1_4
2bna,
220d,
5ev3,
5avb,
5avc,
5jb2,
1ssp,
3h15,
1fhy,
1fhz,
1mjo,
3gs8,
5esp,
3gs5,
1nh2,
3gs1,
1kbu,
5a0m,
1lv5,
5av5,
5av6,
5av8,
5av9,
3mis,
3mip,
1kb6,
1kb4,
3mij,
3gsk,
3gsj,
4y60,
1q2r,
5guh,
5jbg,
2qfj,
2d5v,
5gxh,
5gxi,
3fs0,
3a6n,
299d, 299d_0_4
1q29, 1q29_0_4
3lel,
3fsi,
4zcf,
3aev,
2d55,
1crx,
4lup,
3fsp,
4k50, 4k50_0_4
5fhj,
2oeu, 2oeu_0_4 2oeu_1_6
4n0t,
1tfw,
4ifd,
2oe8,
2oe6,
4n0o,
2oe5,
1l3t,
4ez6,
4ez2,
4mzr,
4ez9,
1rta,
5dpk,
1xjv,
2wt7,
1xjr, 1xjr_0_5
1xjy,
1xjx,
4jzu,
2gun,
2wtf,
2wty,
3py8,
1xj9,
4fxd,
3syw,
3syz,
5l7c,
5tpy, 5tpy_0_4 5tpy_1_9 5tpy_2_19 5tpy_3_4 5tpy_4_4 5tpy_5_9 5tpy_6_19 5tpy_7_4 5tpy_8_4 5tpy_9_9 5tpy_10_19 5tpy_11_4 5tpy_12_4 5tpy_13_9 5tpy_14_19 5tpy_15_4
1yz9,
180d,
378d,
1qzg,
1qzh,
1qzl,
243d,
1pjo,
1pji,
1pjj,
1pjg,
1yzd,
1l9a, 1l9a_0_4 1l9a_1_4
333d,
285d,
2b0d,
2b0e,
2zko,
5ewg,
5ewf,
5ewe,
2b0k,
1wd0,
1wd1,
2zkf,
3kxt,
1qtm,
343d,
3cxc, 3cxc_0_8 3cxc_1_21 3cxc_2_7 3cxc_3_3 3cxc_4_5 3cxc_5_6 3cxc_6_5 3cxc_7_5 3cxc_8_4 3cxc_9_6 3cxc_10_3 3cxc_11_7 3cxc_12_8 3cxc_13_7 3cxc_14_4 3cxc_15_5 3cxc_16_4 3cxc_17_8 3cxc_18_5 3cxc_19_4 3cxc_20_4 3cxc_21_4 3cxc_22_8 3cxc_23_5 3cxc_24_4 3cxc_25_5 3cxc_26_6 3cxc_27_9 3cxc_28_6 3cxc_29_7 3cxc_30_4 3cxc_31_7 3cxc_32_5 3cxc_33_5 3cxc_34_8 3cxc_35_5 3cxc_36_4 3cxc_37_3 3cxc_38_6 3cxc_39_7 3cxc_40_4 3cxc_41_5 3cxc_42_3 3cxc_43_9 3cxc_44_4 3cxc_45_6 3cxc_46_7 3cxc_47_13 3cxc_48_8 3cxc_49_4 3cxc_50_7 3cxc_51_20 3cxc_52_11 3cxc_53_6 3cxc_54_9 3cxc_55_4 3cxc_56_7 3cxc_57_7 3cxc_58_6 3cxc_59_5 3cxc_60_4 3cxc_61_4 3cxc_62_4 3cxc_63_13 3cxc_64_7 3cxc_65_4 3cxc_66_5 3cxc_67_4
4nxh, 4nxh_0_4
4wls,
4nxz,
5ew7,
5ew4,
325d,
194d,
123d,
1zg1,
4g4o,
1zg5,
4j9s,
4j9r,
3pdr, 3pdr_0_4 3pdr_1_7 3pdr_2_8
1utd,
4jd8,
3ode,
3uvf,
3odc,
3dpg,
3oda,
4j9m,
4j9l,
4g4q,
4j9n,
3odh,
4b9m,
4b9l,
4b9n,
5do4, 5do4_0_4
5do5,
3bjy,
3od8,
4b9u,
4b9t,
4b9v,
4e2r,
4b9s,
1iaw,
3nna,
3nnc,
3nnh,
1o3q,
1o3s,
1o3r,
1o3t,
3c0x,
3c0w,
1d8y,
1d8x,
4aqx,
417d,
1d8g,
4okl,
4ley,
1vc0, 1vc0_0_8 1vc0_1_15 1vc0_2_10
1vc6, 1vc6_0_8 1vc6_1_15 1vc6_2_10
380d,
2evi,
1d82,
1i5w,
1d80,
1d87,
1d86,
1d85,
1dmu,
1d89,
1d88,
2evg,
2evf,
1i5l,
2ktq,
1l8v, 1l8v_0_4 1l8v_1_7 1l8v_2_3
4qqb,
1b2m,
5c9h,
4qqw,
3ogd,
4qqz,
5hk3,
5hk0,
9ant,
1oh5,
1oh6,
1oh7,
1oh8,
2bh2, 2bh2_0_7
2hr1,
208d,
5hkc,
1b23, 1b23_0_9 1b23_1_9 1b23_2_7
3vnv,
4j8v,
4j8w,
2hri,
222d,
5kfj,
1suz,
5i3u, 5i3u_0_3
5kfi,
1ffk, 1ffk_0_8 1ffk_1_21 1ffk_2_7 1ffk_3_3 1ffk_4_5 1ffk_5_6 1ffk_6_5 1ffk_7_5 1ffk_8_4 1ffk_9_6 1ffk_10_14 1ffk_11_7 1ffk_12_8 1ffk_13_7 1ffk_14_4 1ffk_15_5 1ffk_16_4 1ffk_17_8 1ffk_18_5 1ffk_19_4 1ffk_20_4 1ffk_21_4 1ffk_22_8 1ffk_23_5 1ffk_24_4 1ffk_25_5 1ffk_26_6 1ffk_27_7 1ffk_28_4 1ffk_29_7 1ffk_30_5 1ffk_31_5 1ffk_32_8 1ffk_33_5 1ffk_34_4 1ffk_35_3 1ffk_36_6 1ffk_37_7 1ffk_38_4 1ffk_39_5 1ffk_40_3 1ffk_41_9 1ffk_42_4 1ffk_43_6 1ffk_44_7 1ffk_45_13 1ffk_46_8 1ffk_47_4 1ffk_48_7 1ffk_49_20 1ffk_50_11 1ffk_51_6 1ffk_52_9 1ffk_53_4 1ffk_54_7 1ffk_55_7 1ffk_56_6 1ffk_57_5 1ffk_58_4 1ffk_59_4 1ffk_60_4 1ffk_61_13 1ffk_62_7 1ffk_63_4 1ffk_64_5 1ffk_65_4
5kfo,
5kfl,
5kfm,
1kdh,
5kfc,
5kfa,
5kff,
5kfg,
5kfd,
5kfe,
3gq5,
3gq4,
5kfx,
5kfy,
3gq3,
5kfr,
5kfs,
5kfp,
5kfq,
5kfv,
5kfw,
5kft,
5kfu,
4rq5,
4rq4,
4rq7,
4rq6,
4rq1,
4rq0,
3gqc,
4rq2,
4rq8,
1kd1, 1kd1_0_8 1kd1_1_21 1kd1_2_7 1kd1_3_3 1kd1_4_5 1kd1_5_6 1kd1_6_5 1kd1_7_5 1kd1_8_4 1kd1_9_6 1kd1_10_3 1kd1_11_7 1kd1_12_8 1kd1_13_7 1kd1_14_4 1kd1_15_5 1kd1_16_4 1kd1_17_8 1kd1_18_5 1kd1_19_4 1kd1_20_4 1kd1_21_4 1kd1_22_8 1kd1_23_5 1kd1_24_4 1kd1_25_5 1kd1_26_6 1kd1_27_9 1kd1_28_6 1kd1_29_7 1kd1_30_4 1kd1_31_7 1kd1_32_5 1kd1_33_5 1kd1_34_8 1kd1_35_5 1kd1_36_4 1kd1_37_3 1kd1_38_6 1kd1_39_7 1kd1_40_4 1kd1_41_5 1kd1_42_3 1kd1_43_9 1kd1_44_4 1kd1_45_6 1kd1_46_7 1kd1_47_13 1kd1_48_8 1kd1_49_4 1kd1_50_7 1kd1_51_20 1kd1_52_11 1kd1_53_6 1kd1_54_9 1kd1_55_4 1kd1_56_7 1kd1_57_7 1kd1_58_6 1kd1_59_5 1kd1_60_4 1kd1_61_4 1kd1_62_4 1kd1_63_13 1kd1_64_7 1kd1_65_4 1kd1_66_5 1kd1_67_4
1kd3,
1kd4,
1kd5,
3mkw,
5ay4,
3mky,
3mkz,
1fq2,
3wzi,
4dl6,
4dl7,
4i9v,
4lw0, 4lw0_0_11 4lw0_1_4
4i9q,
4un8,
2vtb,
2cgp,
100d,
3qx3,
3fmt,
2d34,
10mh,
3bie,
3qxr,
434d,
4q9q, 4q9q_0_5
4crx,
3q23, 3q23_0_3
3dnb,
1g2f,
1zz5,
3fx8,
3bq0,
3bq1,
3bq2,
1rzt,
1rzr,
1v3p,
1g2d,
1zzj,
1zzi,
2pwt,
4m45,
4m47,
3qe9,
182d,
4ari, 4ari_0_11 4ari_1_4 4ari_2_7
3qes,
3qer,
3qep,
3qew,
3qev,
1yxp, 1yxp_0_9 1yxp_1_9
3qet,
3qex,
1qx0, 1qx0_0_4
3qeb,
5d23,
5b31,
5b32,
5b33,
3d6z,
3d6y,
331d,
3eph, 3eph_0_7 3eph_1_7 3eph_2_7 3eph_3_7 3eph_4_7 3eph_5_7
3kfu, 3kfu_0_7 3kfu_1_7 3kfu_2_7 3kfu_3_7 3kfu_4_7 3kfu_5_7 3kfu_6_7 3kfu_7_7
2b2d, 2b2d_0_3
2b2b,
3epg,
2zuf,
2zue,
2o3x,
2o3y,
2o3v,
2o3w,
327d,
192d,
4w5n,
4nfp,
4nfq,
1vq9, 1vq9_0_8 1vq9_1_21 1vq9_2_7 1vq9_3_3 1vq9_4_5 1vq9_5_6 1vq9_6_5 1vq9_7_5 1vq9_8_4 1vq9_9_6 1vq9_10_3 1vq9_11_7 1vq9_12_8 1vq9_13_7 1vq9_14_4 1vq9_15_5 1vq9_16_4 1vq9_17_8 1vq9_18_5 1vq9_19_4 1vq9_20_4 1vq9_21_4 1vq9_22_8 1vq9_23_5 1vq9_24_4 1vq9_25_5 1vq9_26_6 1vq9_27_9 1vq9_28_6 1vq9_29_7 1vq9_30_4 1vq9_31_7 1vq9_32_5 1vq9_33_5 1vq9_34_8 1vq9_35_5 1vq9_36_4 1vq9_37_3 1vq9_38_6 1vq9_39_7 1vq9_40_4 1vq9_41_5 1vq9_42_3 1vq9_43_9 1vq9_44_4 1vq9_45_6 1vq9_46_7 1vq9_47_13 1vq9_48_8 1vq9_49_4 1vq9_50_7 1vq9_51_20 1vq9_52_11 1vq9_53_6 1vq9_54_9 1vq9_55_4 1vq9_56_7 1vq9_57_7 1vq9_58_6 1vq9_59_5 1vq9_60_4 1vq9_61_4 1vq9_62_4 1vq9_63_13 1vq9_64_7 1vq9_65_4 1vq9_66_5 1vq9_67_4
5jk0,
3cvy,
1oup,
3cvt,
3cvu,
3cvv,
4nfo,
1ouz,
3cvs,
1vq5, 1vq5_0_8 1vq5_1_21 1vq5_2_7 1vq5_3_3 1vq5_4_5 1vq5_5_6 1vq5_6_5 1vq5_7_5 1vq5_8_4 1vq5_9_6 1vq5_10_3 1vq5_11_7 1vq5_12_8 1vq5_13_7 1vq5_14_4 1vq5_15_5 1vq5_16_4 1vq5_17_8 1vq5_18_5 1vq5_19_4 1vq5_20_4 1vq5_21_4 1vq5_22_8 1vq5_23_5 1vq5_24_4 1vq5_25_5 1vq5_26_6 1vq5_27_9 1vq5_28_6 1vq5_29_7 1vq5_30_4 1vq5_31_7 1vq5_32_5 1vq5_33_5 1vq5_34_8 1vq5_35_5 1vq5_36_4 1vq5_37_3 1vq5_38_6 1vq5_39_7 1vq5_40_4 1vq5_41_5 1vq5_42_3 1vq5_43_9 1vq5_44_4 1vq5_45_6 1vq5_46_7 1vq5_47_13 1vq5_48_8 1vq5_49_4 1vq5_50_7 1vq5_51_20 1vq5_52_11 1vq5_53_6 1vq5_54_9 1vq5_55_4 1vq5_56_7 1vq5_57_7 1vq5_58_6 1vq5_59_5 1vq5_60_4 1vq5_61_4 1vq5_62_4 1vq5_63_13 1vq5_64_7 1vq5_65_4 1vq5_66_5 1vq5_67_4
121d,
4g6p,
4g6s,
4g6r,
2re8, 2re8_0_9 2re8_1_7 2re8_2_7
3oju,
5es0,
1ze2, 1ze2_0_7
3ojs,
1eg6,
1y84,
4rj1,
1u9s, 1u9s_0_5 1u9s_1_4 1u9s_2_7 1u9s_3_4
4ppx,
1zez,
1nqs,
1zex,
1zey,
1zev,
1zew,
1zet,
4e0y,
4e0z,
4e0d,
4e0g, 4e0g_0_2 4e0g_1_2
1egw,
4e0j, 4e0j_0_2 4e0j_1_2
3nhg,
1vas,
1vaq,
4fm9,
2jja,
5iim,
3ulp,
5iio,
5iin,
5iii,
4qr9,
5iik,
5deu,
3nh2,
3nh1,
3nh0,
5dev,
4l18,
1i3w,
1i3t,
4fm1,
1dou,
5d2s,
1i3j,
4z4i,
3v7j,
3v7k,
4fxm,
456d,
4bwj,
4bwm,
3v7e, 3v7e_0_5 3v7e_1_4 3v7e_2_4
2bj6,
2gjw,
4j3n,
3m8r,
3m8s,
1uaa,
348d,
1oj8,
1l3d, 1l3d_0_6 1l3d_1_13
1ua1,
1ua0,
4bw0, 4bw0_0_4
4ki4,
4ki6,
3v72,
3v71,
1b01,
3m85,
3v74,
2alz,
1l3z,
1kfo,
4rwp,
2fvr,
2fvs,
2fvp,
2fvq,
3u89,
260d,
1l3v,
1fdg,
1vqp, 1vqp_0_8 1vqp_1_21 1vqp_2_7 1vqp_3_3 1vqp_4_5 1vqp_5_6 1vqp_6_5 1vqp_7_5 1vqp_8_4 1vqp_9_6 1vqp_10_3 1vqp_11_7 1vqp_12_8 1vqp_13_7 1vqp_14_4 1vqp_15_5 1vqp_16_4 1vqp_17_8 1vqp_18_5 1vqp_19_4 1vqp_20_4 1vqp_21_4 1vqp_22_8 1vqp_23_5 1vqp_24_4 1vqp_25_5 1vqp_26_6 1vqp_27_9 1vqp_28_6 1vqp_29_7 1vqp_30_4 1vqp_31_7 1vqp_32_5 1vqp_33_5 1vqp_34_8 1vqp_35_5 1vqp_36_4 1vqp_37_3 1vqp_38_6 1vqp_39_7 1vqp_40_4 1vqp_41_5 1vqp_42_3 1vqp_43_9 1vqp_44_4 1vqp_45_6 1vqp_46_7 1vqp_47_13 1vqp_48_8 1vqp_49_4 1vqp_50_7 1vqp_51_20 1vqp_52_11 1vqp_53_6 1vqp_54_9 1vqp_55_4 1vqp_56_7 1vqp_57_7 1vqp_58_6 1vqp_59_5 1vqp_60_4 1vqp_61_4 1vqp_62_4 1vqp_63_13 1vqp_64_7 1vqp_65_4 1vqp_66_5 1vqp_67_4
1kfv,
1lrr,
4rwo,
1kfs,
1l3u,
1l3s,
1vqk, 1vqk_0_8 1vqk_1_21 1vqk_2_7 1vqk_3_3 1vqk_4_5 1vqk_5_6 1vqk_6_5 1vqk_7_5 1vqk_8_4 1vqk_9_6 1vqk_10_3 1vqk_11_7 1vqk_12_8 1vqk_13_7 1vqk_14_4 1vqk_15_5 1vqk_16_4 1vqk_17_8 1vqk_18_5 1vqk_19_4 1vqk_20_4 1vqk_21_4 1vqk_22_8 1vqk_23_5 1vqk_24_4 1vqk_25_5 1vqk_26_6 1vqk_27_9 1vqk_28_6 1vqk_29_7 1vqk_30_4 1vqk_31_7 1vqk_32_5 1vqk_33_5 1vqk_34_8 1vqk_35_5 1vqk_36_4 1vqk_37_3 1vqk_38_6 1vqk_39_7 1vqk_40_4 1vqk_41_5 1vqk_42_3 1vqk_43_9 1vqk_44_4 1vqk_45_6 1vqk_46_7 1vqk_47_13 1vqk_48_8 1vqk_49_4 1vqk_50_7 1vqk_51_20 1vqk_52_11 1vqk_53_6 1vqk_54_9 1vqk_55_4 1vqk_56_7 1vqk_57_7 1vqk_58_6 1vqk_59_5 1vqk_60_4 1vqk_61_4 1vqk_62_4 1vqk_63_13 1vqk_64_7 1vqk_65_4 1vqk_66_5 1vqk_67_4
1fd5,
3mei,
3h5x,
3h5y,
1kf1,
1b3t,
2iso,
3fo6, 3fo6_0_7 3fo6_1_6 3fo6_2_7
4i7y, 4i7y_0_18
3fo4, 3fo4_0_7 3fo4_1_6 3fo4_2_7
295d,
3la5, 3la5_0_9 3la5_1_6 3la5_2_7
4ly2,
1jxl,
2isz,
2isp,
102d,
3qz7,
3qz8,
1d67,
3ayw,
2a43, 2a43_0_6 2a43_1_14
3foz, 3foz_0_8 3foz_1_7 3foz_2_7 3foz_3_8 3foz_4_7 3foz_5_7
1jx4,
1cvx,
1cvy,
3laj,
2is6,
2is4,
1cvj,
2is1,
1xcs,
4klt,
2oyt,
3omj,
409d,
4ibw,
4ibv,
4ibu,
4klg,
4k1g,
4tyn,
4tyw,
1t7p,
4hdv,
5en1,
310d,
2qbz, 2qbz_0_4 2qbz_1_7
4tyy,
4lvw, 4lvw_0_11 4lvw_1_4
2nvq,
1rxw,
1rxv,
5dto,
5dtd,
3bs1,
1rxa,
1rxb,
1zx4,
1zx7,
5d4r,
2gyx,
1jrn,
2is2,
4lvz, 4lvz_0_11 4lvz_1_4
4lvx, 4lvx_0_11 4lvx_1_4
3wpe,
257d,
3bsb,
5frn,
5frm,
3bse,
3bsn,
3bso,
1n77, 1n77_0_8 1n77_1_7 1n77_2_7
3bsu,
3bsx,
1n78, 1n78_0_8 1n78_1_7 1n78_2_7
5ke9,
3suo,
3sun,
3suh, 3suh_0_8 3suh_1_4
5ke7,
3sup,
3sux, 3sux_0_8 3sux_1_4
3qg9,
4fth,
5g4t,
5g4u,
5g4v,
4ftb,
216d,
2dyw,
184d,
1pnr,
238d,
3zc0,
1yvp,
4gpw,
3qgc,
3qgb,
2dy4,
4gpy,
4gpx,
2zke,
2zkd,
3eru,
3ere,
3kde,
1hmh, 1hmh_0_4
329d,
190d,
1g4q,
1hao,
3kd1,
3kd5,
1owg,
1owf,
3er9,
2o19,
4ndf,
4ndg,
4ndh,
4ndi,
1owr,
4rhd,
4xbf,
4pr6, 4pr6_0_8 4pr6_1_15 4pr6_2_10
3p59,
3p57,
127d,
4e60,
4e68,
3ohb,
3oha,
4prf, 4prf_0_8 4prf_1_15 4prf_2_10
3zp8, 3zp8_0_4 3zp8_1_6
2rgr,
3oh9,
3bnq,
3bnp,
3bns,
3bnr,
3oh6,
3bnt,
4e6b,
3bnl,
3bno,
3bnn,
3bna,
1eel,
4oog, 4oog_0_4 4oog_1_4
1s10,
1di2,
4oor,
5trd,
384d,
413d,
5bym,
5byg,
4o8j,
2pue,
1diz,
1s1l,
1s1k,
4oo8, 4oo8_0_4 4oo8_1_2 4oo8_2_4 4oo8_3_3
3nj6,
1i1p,
1l4j,
4bul,
3v1z,
454d,
1gdt,
4wlw,
3vjr, 3vjr_0_7 3vjr_1_7
2ana,
2hvh,
2hvi,
2ann, 2ann_0_15
2hvr,
2hvs,
2anr, 2anr_0_15
2hvy,
2bdp,
1gd2,
1hi0,
5kla,
5ew1, 5ew1_0_18
3pw5,
4qkk,
5k58,
2pfp,
2pfq,
4k4u,
3iv5,
4rum, 4rum_0_5 4rum_1_4
4rul,
2pfn,
2pfo,
4ruc,
1lli,
1kxk, 1kxk_0_4
1rcn,
4csf,
3vrs, 3vrs_0_8 3vrs_1_4
1kx4,
1kx5,
3mgv,
3mgq,
3e42,
5ah5, 5ah5_0_11 5ah5_1_3 5ah5_2_7
5k5q,
1tau,
259d,
5f8l,
5f8n,
5f8i,
5f8h,
5f8j,
4skn,
5f8g,
4k4x,
3mgi,
3mgh,
4hqx, 4hqx_0_4 4hqx_1_7 4hqx_2_4 4hqx_3_7
1rc7,
1rc8,
2imw,
3wu1,
2ccz,
297d,
2a6o, 2a6o_0_4 2a6o_1_4
4k4h,
1qcu,
2a66,
1zrf,
4j9q,
4g4n,
4z0c, 4z0c_0_6 4z0c_1_6
1cf7,
1zrc,
1qc1,
1qc0,
4cn5,
4cn7,
4cn3,
4cn2,
5elk,
5elh,
5elr,
5els,
5elt,
5elx,
2ql2,
1ea4,
4j9o,
4k32,
4j9k,
4k31,
5j2i,
312d,
1fn2,
1n5c,
4p4p,
1xpx,
1xpf, 1xpf_0_9 1xpf_1_9
1xpe, 1xpe_0_9 1xpe_1_9
3bu0,
4p4m,
4p4o,
2ivh,
2ivk,
1xp7, 1xp7_0_9 1xp7_1_9
4p43,
3buc,
1n56,
3hcl,
4usg,
3ssc,
3ssf,
3sse,
3ssd,
372d,
210d,
468d,
1uhy,
2dgc,
4frg, 4frg_0_7 4frg_1_4 4frg_2_7
2ddg,
1yty,
4gre,
236d,
3d2g, 3d2g_0_4 3d2g_1_6
1ytu,
3d2x, 3d2x_0_4 3d2x_1_6
1ytb, 1ytb_0_5
3d2w,
3d2v, 3d2v_0_4 3d2v_1_6
1wb9,
3cr1,
1wbd,
1wbb,
1z63,
3zkc,
3crx,
4wrt, 4wrt_0_4
1agl,
3cro,
4rnk,
4rnm,
4rnn,
4rno,
4rne,
2e9t,
2e9r,
1p8k,
2e9z,
4e48,
5cl9,
4jng,
2ram,
3on0,
4xqk,
5cl5,
4jnx,
178d,
5cl6,
5hrg,
4b3t, 4b3t_0_9 4b3t_1_5 4b3t_2_4 4b3t_3_4 4b3t_4_3 4b3t_5_7 4b3t_6_4 4b3t_7_12 4b3t_8_4 4b3t_9_4 4b3t_10_4 4b3t_11_5 4b3t_12_16 4b3t_13_4 4b3t_14_5 4b3t_15_8 4b3t_16_4 4b3t_17_9 4b3t_18_3 4b3t_19_4 4b3t_20_4 4b3t_21_8 4b3t_22_4 4b3t_23_4 4b3t_24_4 4b3t_25_6 4b3t_26_5 4b3t_27_4 4b3t_28_4 4b3t_29_8 4b3t_30_10 4b3t_31_4 4b3t_32_4 4b3t_33_7
4b3r, 4b3r_0_9 4b3r_1_5 4b3r_2_4 4b3r_3_4 4b3r_4_3 4b3r_5_7 4b3r_6_4 4b3r_7_12 4b3r_8_4 4b3r_9_4 4b3r_10_4 4b3r_11_5 4b3r_12_16 4b3r_13_4 4b3r_14_5 4b3r_15_8 4b3r_16_4 4b3r_17_9 4b3r_18_3 4b3r_19_4 4b3r_20_4 4b3r_21_8 4b3r_22_4 4b3r_23_4 4b3r_24_4 4b3r_25_6 4b3r_26_5 4b3r_27_4 4b3r_28_4 4b3r_29_8 4b3r_30_10 4b3r_31_4 4b3r_32_4 4b3r_33_7
5hri,
4b3m, 4b3m_0_9 4b3m_1_5 4b3m_2_4 4b3m_3_4 4b3m_4_3 4b3m_5_7 4b3m_6_4 4b3m_7_12 4b3m_8_4 4b3m_9_4 4b3m_10_4 4b3m_11_5 4b3m_12_16 4b3m_13_4 4b3m_14_5 4b3m_15_8 4b3m_16_4 4b3m_17_9 4b3m_18_3 4b3m_19_4 4b3m_20_4 4b3m_21_8 4b3m_22_6 4b3m_23_4 4b3m_24_4 4b3m_25_6 4b3m_26_5 4b3m_27_4 4b3m_28_4 4b3m_29_8 4b3m_30_10 4b3m_31_4 4b3m_32_4 4b3m_33_7
4e4o,
5hrh,
4b3g,
5hrk,
4l5k,
3tzr,
411d,
1o9m,
1s32,
4l5s,
4l5r,
3lz1,
3lz0,
1dk1, 1dk1_0_4 1dk1_1_4
3lzj,
3lzi,
4r3i,
1l6b,
5jw0,
4aqu,
5lej,
5lek,
152d,
2elg,
1mtl,
1o3z,
3vd6,
3vd1,
3vd0,
2r9l,
1e3o,
1e3m,
3m4a,
2ht0,
2hto,
3vdy,
2ahi,
1g9z,
1g9y,
2htt,
5kl2,
5kl3,
3mqk,
2nz4, 2nz4_0_11 2nz4_1_19 2nz4_2_7 2nz4_3_4
1lnt,
5ana,
1lng, 1lng_0_4 1lng_1_4
5clc,
264d,
1jgr,
5k7d, 5k7d_0_6 5k7d_1_22 5k7d_2_7
4x4n, 4x4n_0_7
4x4h,
4x4i,
5k7c, 5k7c_0_6 5k7c_1_22 5k7c_2_7
4x4d,
4x4e,
4x4f,
4x4g,
4x4b,
4x4c,
5fk4, 5fk4_0_5 5fk4_1_4 5fk4_2_4 5fk4_3_5 5fk4_4_4 5fk4_5_4
1ue3,
1ue2,
1ue4,
5fk2, 5fk2_0_5 5fk2_1_4 5fk2_2_4
5fk3, 5fk3_0_5 5fk3_1_4 5fk3_2_4
4x4t, 4x4t_0_7
4x4u, 4x4u_0_7
4x4v, 4x4v_0_7
4x4p, 4x4p_0_7
5k7z,
3maq,
2fz2,
2nzd,
3o6e,
267d,
5fkd, 5fkd_0_5 5fkd_1_4 5fkd_2_4 5fkd_3_5 5fkd_4_4 5fkd_5_4
5fke, 5fke_0_5 5fke_1_4 5fke_2_4 5fke_3_5 5fke_4_4 5fke_5_4
5fkf, 5fkf_0_5 5fkf_1_4 5fkf_2_4 5fkf_3_5 5fkf_4_4 5fkf_5_4
5fkg, 5fkg_0_5 5fkg_1_4 5fkg_2_4
5fkh, 5fkh_0_5 5fkh_1_4 5fkh_2_4
4u92,
5k77,
2w42,
5k78,
2cax,
1cz0,
2a0p,
2c62,
2a0i, 2a0i_0_2
291d,
5amq, 5amq_0_5
4zkk,
5i50,
2gic,
1qai,
1qaj,
5ddq, 5ddq_0_4 5ddq_1_10
4z66,
5ddp, 5ddp_0_4 5ddp_1_10
2c6y,
2evh,
2a07,
1d81,
2a04,
2evj,
4z5h,
5d0b, 5d0b_0_3
5d0a,
1qa6, 1qa6_0_9 1qa6_1_6
4z6c,
4z6d,
4z6e,
4z6f,
4fo6,
355d,
2p66,
3co7,
3co6,
3co3,
2vz4,
314d,
1zf9,
4chu,
432d,
4f8g,
1tn1, 1tn1_0_8 1tn1_1_9 1tn1_2_7
3coa,
1tn2, 1tn2_0_8 1tn2_1_9 1tn2_2_7
4f8i,
4f8v,
4f8u,
4f8r,
3coq,
1t3n,
3s9h,
1hr2, 1hr2_0_4 1hr2_1_7 1hr2_2_3
9dna,
3ex7,
5jju,
4bqa,
3zvm,
4erl, 4erl_0_12 4erl_1_45 4erl_2_7 4erl_3_5 4erl_4_4
4erj, 4erj_0_12 4erj_1_45 4erj_2_7 4erj_3_5 4erj_4_4
1k2l,
1n3a,
4erd,
1n3e,
1n3f,
1k2z,
3hax,
1n38,
1n39,
4uqm,
1n32, 1n32_0_9 1n32_1_5 1n32_2_4 1n32_3_4 1n32_4_3 1n32_5_7 1n32_6_4 1n32_7_12 1n32_8_4 1n32_9_4 1n32_10_4 1n32_11_5 1n32_12_16 1n32_13_4 1n32_14_5 1n32_15_8 1n32_16_4 1n32_17_9 1n32_18_3 1n32_19_4 1n32_20_4 1n32_21_8 1n32_22_4 1n32_23_4 1n32_24_4 1n32_25_6 1n32_26_5 1n32_27_4 1n32_28_4 1n32_29_8 1n32_30_10 1n32_31_4 1n32_32_4 1n32_33_7
4uqg,
3agv, 3agv_0_4
3sqi,
3ted,
188d,
370d,
3rw6, 3rw6_0_4
3sqx,
3zgz, 3zgz_0_11 3zgz_1_7
3sqw,
4fpv,
2des,
2dem,
212d,
466d,
5iwi,
1yrj,
1yrm,
1yrn,
3rwu,
3sq1,
3sq0,
3sq2,
3sq4,
2ab4, 2ab4_0_7
3d0p,
3d0u, 3d0u_0_12 3d0u_1_45 3d0u_2_7 3d0u_3_5 3d0u_4_4
1iu3,
3a5t,
4fp6,
3d0x, 3d0x_0_12 3d0x_1_45 3d0x_2_7 3d0x_3_5 3d0x_4_4
3d0a,
234d,
3d0m,
3ool,
4lb6,
3uxw,
2o5j,
2o5i,
2o5e,
2o5c,
1z43, 1z43_0_4 1z43_1_4
5ds9,
1osu,
2o59,
3cpw, 3cpw_0_8 3cpw_1_21 3cpw_2_7 3cpw_3_3 3cpw_4_5 3cpw_5_6 3cpw_6_5 3cpw_7_5 3cpw_8_4 3cpw_9_6 3cpw_10_3 3cpw_11_7 3cpw_12_8 3cpw_13_7 3cpw_14_4 3cpw_15_5 3cpw_16_4 3cpw_17_8 3cpw_18_5 3cpw_19_4 3cpw_20_4 3cpw_21_4 3cpw_22_8 3cpw_23_5 3cpw_24_4 3cpw_25_5 3cpw_26_6 3cpw_27_9 3cpw_28_6 3cpw_29_7 3cpw_30_4 3cpw_31_7 3cpw_32_5 3cpw_33_5 3cpw_34_8 3cpw_35_5 3cpw_36_4 3cpw_37_3 3cpw_38_6 3cpw_39_7 3cpw_40_4 3cpw_41_5 3cpw_42_3 3cpw_43_9 3cpw_44_4 3cpw_45_6 3cpw_46_7 3cpw_47_13 3cpw_48_8 3cpw_49_4 3cpw_50_7 3cpw_51_20 3cpw_52_11 3cpw_53_6 3cpw_54_9 3cpw_55_4 3cpw_56_7 3cpw_57_7 3cpw_58_6 3cpw_59_5 3cpw_60_4 3cpw_61_4 3cpw_62_4 3cpw_63_13 3cpw_64_7 3cpw_65_4 3cpw_66_5 3cpw_67_4
2o54,
2h27,
4wtk,
4wtj,
4wti,
1osb, 1osb_0_4
4wtm,
4wtl,
4wtc,
4wta,
4wtg,
4wtf,
4wte,
4wtd,
1eo4,
3olb,
3ola,
1ei4,
2x2q,
1fym,
2xo7,
1fyk,
5cys,
3ol8,
3ol9,
3ol6,
3ol7,
4r15,
1du0,
4ocb,
4ocd,
3nvi, 3nvi_0_4 3nvi_1_4
5jum,
5jub,
2j6s,
3q8l,
3q8m,
3q8k,
388d,
3q8p,
3q8q,
3q8r,
3q8s,
1duq,
5lgy,
2j6u,
1dux,
5ju4,
5i9d,
5kn9,
1dul, 1dul_0_4
2f4s,
4ay2, 4ay2_0_4
2f4u,
150d,
308d,
4fj5,
3mxh, 3mxh_0_4 3mxh_1_10
1mjq,
2yjy,
4kwx,
4hca,
1mjm,
4hcc,
4hcb,
1mji, 1mji_0_5 1mji_1_5
3mxm,
5hso,
1nyi, 1nyi_0_4
1tup,
3d71,
4hc9,
4kw0,
1mj2,
4hc7,
1eon,
2ajq,
3rn2,
4kxt,
2quw, 2quw_0_7 2quw_1_4 2quw_2_4
2qus, 2qus_0_7 2qus_1_4 2qus_2_4
2qux, 2qux_0_6
5kfk,
5kfh,
5bmz,
5kfn,
3l25,
5kfb,
5k1y,
1rgt,
1rgu,
4fjh,
1y9s,
3gim,
3gil,
3s49,
3gii,
3gik,
3gij,
3gib,
5kfz,
1rg1,
1rg2,
1q93, 1q93_0_4
1ffy, 1ffy_0_9 1ffy_1_7 1ffy_2_7
5wsq,
5wsp,
5wss,
5wsr,
293d,
1q96, 1q96_0_4
5ewb,
2iie,
2iif,
1y8v,
4z47,
2f4t,
1y8z,
3r1d,
3r1e,
2c4q, 2c4q_0_4 2c4q_1_4
3r1c,
1y8l,
2c4y, 2c4y_0_4 2c4y_1_4
1d12,
1v3n,
2c4z, 2c4z_0_4 2c4z_1_4
2jg3,
1y86,
266d,
449d,
4mnb,
4z4f,
4z4g,
4z4d,
4z4e,
4z4b,
4z4c,
5d2q,
4z4h,
4fm2,
4cja,
5ff8,
1q86, 1q86_0_8 1q86_1_21 1q86_2_7 1q86_3_3 1q86_4_5 1q86_5_6 1q86_6_5 1q86_7_5 1q86_8_4 1q86_9_6 1q86_10_3 1q86_11_7 1q86_12_8 1q86_13_7 1q86_14_4 1q86_15_5 1q86_16_4 1q86_17_8 1q86_18_5 1q86_19_4 1q86_20_4 1q86_21_4 1q86_22_8 1q86_23_5 1q86_24_4 1q86_25_5 1q86_26_6 1q86_27_9 1q86_28_6 1q86_29_7 1q86_30_4 1q86_31_7 1q86_32_5 1q86_33_5 1q86_34_8 1q86_35_5 1q86_36_4 1q86_37_3 1q86_38_6 1q86_39_7 1q86_40_4 1q86_41_5 1q86_42_3 1q86_43_9 1q86_44_4 1q86_45_6 1q86_46_7 1q86_47_13 1q86_48_8 1q86_49_4 1q86_50_7 1q86_51_20 1q86_52_11 1q86_53_6 1q86_54_9 1q86_55_4 1q86_56_7 1q86_57_7 1q86_58_6 1q86_59_5 1q86_60_4 1q86_61_4 1q86_62_4 1q86_63_13 1q86_64_7 1q86_65_4 1q86_66_5 1q86_67_4
1q82, 1q82_0_8 1q82_1_21 1q82_2_7 1q82_3_3 1q82_4_5 1q82_5_6 1q82_6_5 1q82_7_5 1q82_8_4 1q82_9_6 1q82_10_3 1q82_11_7 1q82_12_8 1q82_13_7 1q82_14_4 1q82_15_5 1q82_16_4 1q82_17_8 1q82_18_5 1q82_19_4 1q82_20_4 1q82_21_4 1q82_22_8 1q82_23_5 1q82_24_4 1q82_25_5 1q82_26_6 1q82_27_9 1q82_28_6 1q82_29_7 1q82_30_4 1q82_31_7 1q82_32_5 1q82_33_5 1q82_34_8 1q82_35_5 1q82_36_4 1q82_37_3 1q82_38_6 1q82_39_7 1q82_40_4 1q82_41_5 1q82_42_3 1q82_43_9 1q82_44_4 1q82_45_6 1q82_46_7 1q82_47_13 1q82_48_8 1q82_49_4 1q82_50_7 1q82_51_20 1q82_52_11 1q82_53_6 1q82_54_9 1q82_55_4 1q82_56_7 1q82_57_7 1q82_58_6 1q82_59_5 1q82_60_4 1q82_61_4 1q82_62_4 1q82_63_13 1q82_64_7 1q82_65_4 1q82_66_5 1q82_67_4
1q81, 1q81_0_8 1q81_1_21 1q81_2_7 1q81_3_3 1q81_4_5 1q81_5_6 1q81_6_5 1q81_7_5 1q81_8_4 1q81_9_6 1q81_10_3 1q81_11_7 1q81_12_8 1q81_13_7 1q81_14_4 1q81_15_5 1q81_16_4 1q81_17_8 1q81_18_5 1q81_19_4 1q81_20_4 1q81_21_4 1q81_22_8 1q81_23_5 1q81_24_4 1q81_25_5 1q81_26_6 1q81_27_9 1q81_28_6 1q81_29_7 1q81_30_4 1q81_31_7 1q81_32_5 1q81_33_5 1q81_34_8 1q81_35_5 1q81_36_4 1q81_37_3 1q81_38_6 1q81_39_7 1q81_40_4 1q81_41_5 1q81_42_3 1q81_43_9 1q81_44_4 1q81_45_6 1q81_46_7 1q81_47_13 1q81_48_8 1q81_49_4 1q81_50_7 1q81_51_20 1q81_52_11 1q81_53_6 1q81_54_9 1q81_55_4 1q81_56_7 1q81_57_7 1q81_58_6 1q81_59_5 1q81_60_4 1q81_61_4 1q81_62_4 1q81_63_13 1q81_64_7 1q81_65_4 1q81_66_5 1q81_67_4
316d,
4f6m,
4f6n,
5eh2,
3cme, 3cme_0_8 3cme_1_7 3cme_2_3 3cme_3_5 3cme_4_6 3cme_5_5 3cme_6_5 3cme_7_4 3cme_8_6 3cme_9_3 3cme_10_7 3cme_11_8 3cme_12_7 3cme_13_4 3cme_14_5 3cme_15_4 3cme_16_8 3cme_17_5 3cme_18_4 3cme_19_4 3cme_20_4 3cme_21_8 3cme_22_5 3cme_23_4 3cme_24_5 3cme_25_6 3cme_26_9 3cme_27_6 3cme_28_7 3cme_29_4 3cme_30_7 3cme_31_5 3cme_32_5 3cme_33_8 3cme_34_5 3cme_35_4 3cme_36_3 3cme_37_6 3cme_38_7 3cme_39_4 3cme_40_5 3cme_41_3 3cme_42_9 3cme_43_4 3cme_44_6 3cme_45_7 3cme_46_13 3cme_47_8 3cme_48_4 3cme_49_7 3cme_50_20 3cme_51_11 3cme_52_6 3cme_53_9 3cme_54_4 3cme_55_7 3cme_56_7 3cme_57_6 3cme_58_5 3cme_59_4 3cme_60_4 3cme_61_4 3cme_62_13 3cme_63_7 3cme_64_4 3cme_65_5 3cme_66_4
4i1g,
5t2w,
3cma, 3cma_0_8 3cma_1_7 3cma_2_3 3cma_3_5 3cma_4_6 3cma_5_5 3cma_6_5 3cma_7_4 3cma_8_6 3cma_9_3 3cma_10_7 3cma_11_8 3cma_12_7 3cma_13_4 3cma_14_5 3cma_15_4 3cma_16_8 3cma_17_5 3cma_18_4 3cma_19_4 3cma_20_4 3cma_21_8 3cma_22_5 3cma_23_4 3cma_24_5 3cma_25_6 3cma_26_9 3cma_27_6 3cma_28_7 3cma_29_4 3cma_30_7 3cma_31_5 3cma_32_5 3cma_33_8 3cma_34_5 3cma_35_4 3cma_36_3 3cma_37_6 3cma_38_7 3cma_39_4 3cma_40_5 3cma_41_3 3cma_42_9 3cma_43_4 3cma_44_6 3cma_45_7 3cma_46_13 3cma_47_8 3cma_48_4 3cma_49_7 3cma_50_20 3cma_51_11 3cma_52_6 3cma_53_9 3cma_54_4 3cma_55_7 3cma_56_7 3cma_57_6 3cma_58_5 3cma_59_4 3cma_60_4 3cma_61_4 3cma_62_13 3cma_63_7 3cma_64_4 3cma_65_5 3cma_66_4
2qhb,
3cmy,
3cmw,
3s7c, 3s7c_0_4
2hax,
3hg8,
2gcv, 2gcv_0_12 2gcv_1_20 2gcv_2_7 2gcv_3_4
1k4t,
4rq3,
2gcs, 2gcs_0_12 2gcs_1_20 2gcs_2_7 2gcs_3_4
4p0p,
4p0q,
1n1o,
1n1h,
3pw0,
3pw2,
3pw4,
3jy1,
3pw7,
2orh,
2org,
3hga,
1zre,
1zrd,
3hgd,
3tci,
5tzv,
2xrz,
376d,
1a6y,
4gv3,
4gv6,
4gv9,
1zqi,
2dcg,
249d,
464d,
1pdn,
470d,
232d,
3exj,
3exl,
3kna,
3knc,
3k59,
3k58,
3knt,
3k57,
5m0j, 5m0j_0_4 5m0j_1_4
5m0h, 5m0h_0_4
5m0i, 5m0i_0_4 5m0i_1_4
2h0z, 2h0z_0_12 2h0z_1_20 2h0z_2_7 2h0z_3_4
2h0x, 2h0x_0_12 2h0x_1_20 2h0x_2_7 2h0x_3_4
2h0s, 2h0s_0_12 2h0s_1_20 2h0s_2_7 2h0s_3_4
2h0w, 2h0w_0_12 2h0w_1_20 2h0w_2_7 2h0w_3_4
2h0n,
3k5m,
3k5l,
5e6m, 5e6m_0_9 5e6m_1_7 5e6m_2_7 5e6m_3_9 5e6m_4_7 5e6m_5_7
1l2d,
3k5y,
2kzm,
3k5z,
4nnu,
3k5q,
1l2x, 1l2x_0_6 1l2x_1_13
2h05,
3uxp,
4rby,
4rbz,
1jzv,
4lvy, 4lvy_0_11 4lvy_1_4
4rbq,
3dfx,
1eo3,
3mx9,
3orc,
2xo1, 2xo1_0_7 2xo1_1_6 2xo1_2_7
2xo0, 2xo0_0_7 2xo0_1_6 2xo0_2_7
3mx4,
2xo6, 2xo6_0_4 2xo6_1_4
2xqc, 2xqc_0_4 2xqc_1_4
4jrt,
3mxi,
4jrp,
4jrq,
3or3,
3mxa,
3mxb,
1eoo,
4rb1,
4rb2,
4rb3,
4jrd,
1eop,
4jrc, 4jrc_0_18 4jrc_1_11
4cei,
3npq, 3npq_0_4
4agz,
3npn, 3npn_0_4
4oe1,
1l2c,
1l2b,
3np6,
4d9y,
4d9x,
3wbm,
3wbo,
2kzz,
1zft,
129d,
1s72, 1s72_0_8 1s72_1_21 1s72_2_7 1s72_3_3 1s72_4_5 1s72_5_6 1s72_6_5 1s72_7_5 1s72_8_4 1s72_9_6 1s72_10_3 1s72_11_7 1s72_12_8 1s72_13_7 1s72_14_4 1s72_15_5 1s72_16_4 1s72_17_8 1s72_18_5 1s72_19_4 1s72_20_4 1s72_21_4 1s72_22_8 1s72_23_5 1s72_24_4 1s72_25_5 1s72_26_6 1s72_27_9 1s72_28_6 1s72_29_7 1s72_30_4 1s72_31_7 1s72_32_5 1s72_33_5 1s72_34_8 1s72_35_5 1s72_36_4 1s72_37_3 1s72_38_6 1s72_39_7 1s72_40_4 1s72_41_5 1s72_42_3 1s72_43_9 1s72_44_4 1s72_45_6 1s72_46_7 1s72_47_13 1s72_48_8 1s72_49_4 1s72_50_7 1s72_51_20 1s72_52_11 1s72_53_6 1s72_54_9 1s72_55_4 1s72_56_7 1s72_57_7 1s72_58_6 1s72_59_5 1s72_60_4 1s72_61_4 1s72_62_4 1s72_63_13 1s72_64_7 1s72_65_4 1s72_66_5 1s72_67_4
1s77,
1s76,
